edad,sexo,altura,bmi,peso,h_sueno,c_sueno,n_estres,h_movil,t_pantalla,pasos,i_ejercicio,m_ejercicio,alim_enteros,alim_procesados,g_proteina,g_fibra,h_social,h_sol,l_agua,n_alcohol,t_meditacion,bienestar_fisico,bienestar_mental
36.0,1,1.78,19.5,62.13,7.7,6.4,4.4,0.5,1.6,6240.0,2.8,35.0,4.5,3.7,82.2,21.0,7.2,1.6,2.4,2.5,20.0,66.19,64.75
63.0,0,1.75,25.29,77.4,7.5,7.6,1.2,3.8,5.0,5175.0,2.7,24.0,7.3,4.3,111.9,27.4,5.6,3.1,1.3,0.9,31.0,75.32,94.93
52.0,0,1.75,29.05,89.44,7.8,7.8,1.4,2.3,3.1,3520.0,1.0,0.0,3.9,5.8,87.9,23.0,4.3,1.7,1.1,0.5,42.0,63.78,84.34
46.0,0,1.59,21.1,53.39,5.6,3.9,2.3,4.1,6.5,4175.0,2.2,10.0,8.7,0.6,79.6,23.9,4.9,0.1,2.0,4.9,25.0,62.51,61.98
25.0,0,1.8,19.98,64.52,8.1,7.0,4.0,1.6,3.7,7190.0,3.7,58.0,7.5,3.2,72.2,22.4,5.0,1.9,1.0,1.1,29.0,84.65,82.59
25.0,0,1.72,22.87,67.73,6.2,5.2,5.8,4.1,6.0,8128.0,1.2,58.0,6.0,5.4,103.1,28.8,3.4,1.7,1.2,2.1,12.0,67.61,46.76
21.0,1,1.67,17.58,49.06,6.0,5.3,7.2,3.4,6.2,5443.0,2.9,24.0,6.0,5.1,117.2,25.7,6.2,0.9,2.5,0.1,26.0,73.87,49.75
59.0,1,1.71,26.93,78.87,5.3,5.8,7.8,6.3,9.5,6516.0,2.7,54.0,4.9,5.6,111.3,28.2,5.9,2.1,1.9,1.1,5.0,53.23,17.36
46.0,1,1.56,24.37,59.14,6.2,4.5,7.1,6.1,6.6,8700.0,3.6,59.0,6.5,4.5,102.1,24.9,8.1,0.0,2.8,3.4,8.0,76.61,44.72
51.0,1,1.73,22.34,67.07,6.4,6.3,5.6,5.2,6.6,5734.0,1.6,38.0,8.2,0.1,60.5,12.2,7.5,2.5,1.3,1.0,6.0,89.32,59.91
19.0,1,1.62,24.16,63.22,6.7,6.1,4.2,3.5,6.3,4596.0,3.0,15.0,4.6,4.9,83.0,25.3,3.6,0.6,1.9,1.8,9.0,63.07,51.47
64.0,1,1.59,22.95,58.16,6.2,5.7,6.2,7.0,8.5,7409.0,3.3,46.0,2.9,6.2,128.9,25.5,6.6,0.5,2.2,0.5,5.0,69.85,44.76
57.0,1,1.58,28.06,69.89,7.3,7.5,3.7,1.7,2.9,7342.0,1.1,52.0,7.4,3.8,112.4,26.9,3.1,1.4,1.3,1.1,49.0,81.14,74.37
28.0,0,1.79,20.86,66.77,6.2,3.6,6.0,1.9,4.9,6962.0,1.9,53.0,6.6,3.0,59.2,20.3,6.4,1.9,2.6,5.3,6.0,68.13,46.29
27.0,0,1.65,23.67,64.42,7.1,6.1,4.8,3.9,4.6,7067.0,2.9,61.0,3.8,7.1,88.9,15.4,4.0,1.7,2.3,1.7,2.0,68.24,52.98
27.0,0,1.82,17.78,59.07,3.9,2.5,7.3,7.4,9.1,3517.0,1.0,0.0,4.5,6.0,97.3,30.0,3.0,0.8,1.0,4.6,11.0,21.44,23.54
32.0,1,1.66,27.24,74.79,5.3,4.3,4.3,3.7,6.0,4819.0,3.2,21.0,4.3,4.9,74.8,22.8,5.6,1.0,2.0,4.6,1.0,27.61,47.56
43.0,1,1.56,38.79,94.8,5.4,3.8,4.9,3.7,5.2,4004.0,1.0,0.0,4.6,4.9,43.8,26.4,0.0,0.4,2.2,5.8,2.0,20.28,33.91
38.0,0,1.61,27.79,72.1,6.9,4.3,4.2,1.8,4.6,7633.0,1.9,59.0,5.4,5.9,92.0,22.7,1.5,1.3,1.6,4.5,4.0,61.57,45.77
32.0,1,1.8,26.25,84.94,7.1,7.3,5.7,5.4,6.9,5560.0,1.4,27.0,5.5,3.8,74.2,25.0,4.6,2.6,1.1,0.0,9.0,78.94,57.31
47.0,0,1.69,17.26,49.15,4.6,3.3,4.4,5.4,8.8,6925.0,3.1,49.0,4.7,5.4,74.3,21.4,5.2,1.5,2.2,5.4,9.0,39.48,45.27
25.0,1,1.66,26.38,72.37,6.3,5.4,4.4,5.2,7.1,3475.0,1.0,0.0,4.5,4.7,82.9,17.3,4.3,2.4,3.3,0.3,24.0,67.21,58.28
32.0,0,1.71,18.25,53.54,6.9,6.3,6.7,3.1,5.7,8565.0,2.1,74.0,5.5,4.1,87.3,28.8,1.8,3.0,1.8,0.1,20.0,80.65,45.99
35.0,0,1.74,15.8,47.85,6.8,5.7,4.1,2.9,5.7,4702.0,3.9,1.0,6.3,3.6,89.8,20.2,3.4,0.9,2.9,0.1,8.0,69.27,54.57
39.0,0,1.79,18.4,58.91,8.0,7.0,3.8,2.1,3.4,7555.0,3.2,61.0,5.4,3.8,72.3,26.3,5.8,1.3,1.5,0.9,6.0,82.73,67.62
55.0,0,1.82,26.65,87.88,7.0,6.1,4.8,4.1,4.1,6244.0,2.4,39.0,8.3,0.7,85.6,28.3,6.2,3.7,2.1,1.9,6.0,74.64,69.09
27.0,0,1.67,30.17,84.25,6.1,5.4,4.7,2.4,4.7,4938.0,2.3,15.0,7.0,3.3,54.9,20.3,5.0,2.9,2.5,1.0,22.0,61.16,67.76
42.0,0,1.59,28.99,73.65,6.6,6.1,4.0,2.2,4.3,6288.0,3.6,29.0,2.8,6.3,96.2,15.4,7.3,0.0,2.0,0.1,1.0,62.73,55.92
46.0,1,1.67,16.92,47.01,5.9,4.6,6.8,3.4,5.9,4290.0,3.2,12.0,7.0,2.1,40.0,44.4,5.8,1.9,1.8,1.3,0.0,72.13,44.4
20.0,1,1.72,22.64,67.06,7.4,6.7,5.5,3.3,5.0,9096.0,1.8,73.0,7.2,1.8,84.2,20.8,3.5,1.5,2.4,1.2,24.0,87.28,61.56
47.0,0,1.62,28.3,74.53,5.9,3.9,6.8,3.2,4.8,6122.0,1.1,32.0,5.1,4.8,108.4,30.0,4.4,2.3,3.1,2.8,10.0,63.38,37.22
26.0,1,1.62,27.56,72.63,4.5,4.4,6.9,4.7,8.7,4014.0,1.0,0.0,3.0,7.9,68.8,40.5,2.2,0.8,2.2,0.7,2.0,38.28,30.1
21.0,1,1.73,14.19,42.34,6.3,5.0,4.5,4.1,4.6,6080.0,1.8,25.0,6.0,5.5,104.3,31.3,4.8,0.7,1.7,0.5,4.0,61.63,56.12
63.0,0,1.7,19.69,56.65,7.6,6.9,2.4,3.6,6.3,6052.0,3.5,44.0,6.0,3.3,113.1,22.6,7.2,0.8,1.9,0.6,40.0,78.85,78.49
63.0,0,1.7,23.82,69.04,6.9,6.3,4.4,4.3,5.7,8046.0,4.5,63.0,3.8,8.4,40.0,24.5,6.4,0.9,3.5,0.7,29.0,70.6,65.93
56.0,0,1.64,29.04,78.04,7.0,6.2,3.2,2.5,4.2,5443.0,3.1,20.0,3.1,5.9,87.0,18.3,7.8,2.3,2.1,1.8,19.0,63.48,77.7
32.0,0,1.68,13.11,37.06,7.0,6.6,4.5,4.2,5.8,4721.0,2.4,20.0,5.8,5.3,40.0,32.1,4.4,0.3,1.6,1.3,10.0,70.35,58.72
23.0,1,1.63,25.55,67.57,6.3,6.3,3.9,4.2,5.4,6509.0,1.6,38.0,5.5,3.7,87.6,29.5,7.7,0.9,1.3,0.8,11.0,72.36,63.17
50.0,0,1.77,23.0,72.15,7.7,6.1,1.6,1.7,4.3,8225.0,1.6,68.0,5.2,4.0,89.9,20.9,4.6,0.0,0.9,0.9,55.0,73.12,88.33
39.0,1,1.78,26.03,82.74,5.8,5.3,3.8,5.5,8.9,3911.0,1.0,0.0,5.8,3.4,40.3,16.7,7.9,2.5,2.2,0.9,51.0,68.13,65.9
24.0,1,1.55,33.36,80.39,6.0,4.7,3.3,2.7,5.1,6751.0,4.5,39.0,3.8,6.2,128.5,14.4,5.0,2.8,2.4,7.2,4.0,40.37,65.88
41.0,0,1.63,29.79,78.74,6.9,6.4,4.8,4.1,6.2,5004.0,2.6,21.0,5.1,5.4,95.7,32.9,6.4,1.2,1.8,0.5,25.0,63.16,66.31
20.0,1,1.58,23.23,58.0,4.7,3.3,6.3,5.7,6.8,5497.0,2.4,23.0,7.1,3.6,73.0,26.0,8.0,1.2,2.0,3.4,3.0,40.85,40.05
61.0,0,1.65,15.24,41.38,6.4,5.4,5.4,5.4,7.9,9589.0,3.7,94.0,5.3,3.8,119.3,26.7,4.6,2.0,1.3,2.5,4.0,78.85,50.25
30.0,1,1.69,22.36,64.1,5.8,5.5,8.4,4.1,8.2,5029.0,2.3,22.0,2.7,6.4,54.1,18.4,5.4,3.0,2.1,0.0,17.0,56.93,16.65
49.0,0,1.58,33.89,85.02,4.1,1.0,4.6,3.5,5.1,6853.0,3.3,43.0,5.1,4.0,65.4,13.3,7.6,1.9,2.3,10.0,8.0,20.94,46.76
33.0,1,1.63,34.37,90.9,6.9,6.1,1.8,5.4,7.0,6773.0,3.0,48.0,3.9,6.0,44.0,32.7,4.7,0.8,1.7,2.8,40.0,51.42,76.66
42.0,1,1.62,30.75,80.66,5.0,4.6,6.0,5.0,6.5,3263.0,1.0,0.0,6.5,3.3,126.0,25.3,2.4,0.0,3.0,2.3,1.0,38.37,35.57
44.0,0,1.72,25.94,76.44,6.3,5.0,4.1,3.1,4.6,3099.0,1.0,0.0,6.6,2.4,96.6,32.3,9.3,0.4,1.5,1.0,11.0,66.15,61.61
27.0,1,1.71,26.02,75.69,6.3,5.5,3.6,2.8,2.1,8140.0,4.8,62.0,2.7,7.6,103.2,21.9,4.1,1.6,2.2,1.6,38.0,62.0,70.66
64.0,1,1.64,22.86,61.66,8.0,6.9,2.8,0.9,3.3,3806.0,3.6,7.0,7.5,4.7,96.0,23.1,5.3,0.8,2.5,0.6,35.0,67.16,80.1
54.0,1,1.71,23.16,68.05,6.6,5.5,3.5,4.2,5.4,4140.0,1.0,0.0,3.8,5.7,101.5,30.7,7.3,1.7,2.0,0.1,3.0,59.73,61.17
62.0,1,1.66,34.64,95.04,6.4,4.3,3.5,3.9,4.3,7250.0,2.1,54.0,9.1,0.4,91.6,30.9,3.8,0.9,1.9,3.6,7.0,65.54,55.39
60.0,1,1.68,19.83,55.86,5.2,3.2,5.2,5.7,8.5,4052.0,4.1,4.0,5.9,4.7,95.4,31.4,3.0,0.4,1.1,4.5,14.0,33.71,33.63
46.0,0,1.83,28.02,94.22,6.1,5.7,4.6,4.5,5.5,5740.0,3.6,13.0,3.5,5.9,92.2,22.6,5.5,0.3,2.8,0.4,3.0,62.37,57.73
61.0,0,1.81,19.95,65.17,6.5,5.0,2.7,6.0,7.7,10016.0,1.5,99.0,3.7,7.0,77.8,29.9,1.4,3.1,1.9,3.1,52.0,70.21,74.47
22.0,1,1.6,35.28,89.88,7.0,5.3,3.1,3.0,6.4,4378.0,1.0,0.0,6.7,2.6,89.1,33.9,4.4,2.4,2.3,2.7,37.0,59.31,68.48
27.0,0,1.77,15.67,48.9,6.7,6.1,6.6,5.7,6.3,4142.0,1.0,0.0,5.2,6.6,95.5,24.2,5.5,3.2,2.4,0.4,3.0,61.08,53.82
20.0,1,1.76,25.29,78.79,5.7,5.6,7.6,3.2,3.7,4846.0,1.5,16.0,5.8,4.5,92.2,20.9,4.5,2.0,1.6,1.1,2.0,64.47,22.7
33.0,1,1.61,22.79,58.95,5.9,5.6,7.9,5.2,7.4,5308.0,3.1,22.0,9.2,0.2,60.4,35.7,1.9,1.1,1.9,1.1,1.0,75.98,5.46
36.0,0,1.77,15.65,48.77,6.2,5.6,5.0,1.8,5.0,5220.0,3.5,8.0,4.6,4.8,63.1,19.8,8.2,2.8,2.8,2.9,36.0,59.73,70.75
31.0,0,1.82,22.05,73.28,4.7,3.5,6.7,4.4,4.8,4544.0,1.0,0.0,6.1,3.4,111.7,30.0,5.2,1.5,1.3,3.6,3.0,39.41,39.75
57.0,1,1.61,32.84,85.14,6.8,7.2,5.3,1.0,3.4,8858.0,2.9,65.0,8.8,2.5,83.9,24.5,7.9,1.7,3.3,0.2,8.0,83.07,60.58
35.0,0,1.63,21.67,57.33,7.2,6.4,5.0,3.6,6.2,6684.0,2.7,43.0,6.5,2.2,101.7,10.3,4.5,1.5,1.6,1.7,9.0,78.72,57.78
31.0,1,1.78,14.97,47.51,5.7,4.5,5.3,4.7,4.6,6684.0,5.0,52.0,2.8,6.5,68.2,34.0,3.2,0.0,1.3,2.9,14.0,55.91,46.04
44.0,0,1.72,23.15,68.62,7.2,5.9,5.0,3.2,6.0,5631.0,1.8,31.0,7.0,2.4,60.5,5.0,5.5,3.1,2.1,3.1,1.0,68.22,60.57
25.0,1,1.74,22.58,68.69,6.5,5.5,5.2,2.4,5.3,6009.0,3.9,43.0,3.7,6.3,73.1,9.1,4.6,2.0,3.3,0.3,4.0,69.94,54.74
56.0,0,1.73,26.22,78.22,7.4,6.3,4.6,5.3,7.0,8205.0,3.0,64.0,8.8,0.9,85.5,29.2,2.6,1.8,0.9,1.5,40.0,86.11,62.31
22.0,1,1.73,28.11,84.24,5.4,4.3,4.8,3.8,7.1,4035.0,2.1,5.0,4.4,4.2,76.7,29.2,7.9,1.4,1.9,3.9,36.0,37.96,60.91
64.0,0,1.59,27.2,69.11,6.8,6.5,5.7,3.3,6.4,4969.0,3.0,42.0,10.0,0.0,115.9,19.9,3.8,1.7,2.3,0.8,23.0,89.17,61.44
54.0,1,1.78,30.75,97.83,6.9,5.9,6.3,4.1,6.2,7525.0,1.6,38.0,8.9,1.0,93.6,26.2,1.3,0.9,2.0,1.1,0.0,71.76,46.29
27.0,0,1.79,22.81,73.36,6.4,6.5,6.1,8.0,9.5,8463.0,2.4,79.0,4.4,5.0,127.0,5.0,7.7,2.1,2.2,3.3,6.0,75.08,50.97
18.0,1,1.68,22.92,64.8,6.5,6.1,6.1,5.7,6.8,9181.0,3.0,91.0,6.0,4.6,98.1,30.7,4.0,0.2,1.6,0.2,15.0,83.67,50.53
56.0,1,1.7,15.92,45.83,4.6,2.7,7.3,5.7,7.7,6784.0,1.4,32.0,7.5,3.4,41.7,27.0,3.8,1.7,1.6,3.9,5.0,50.05,24.48
51.0,0,1.58,26.55,66.06,7.3,7.2,2.8,4.7,7.2,7810.0,3.5,74.0,7.6,2.4,111.1,24.6,1.5,2.1,1.9,0.7,36.0,92.63,67.31
52.0,0,1.74,21.43,64.95,6.3,6.3,2.7,4.2,5.9,4568.0,1.0,0.0,6.9,3.3,59.8,25.2,8.5,1.3,1.3,0.0,15.0,72.01,73.6
54.0,0,1.75,27.69,84.4,7.5,7.0,6.4,0.5,1.0,8430.0,1.5,79.0,8.5,0.0,94.6,28.9,2.4,1.9,2.0,0.5,1.0,96.08,55.74
21.0,1,1.7,26.78,76.94,6.3,5.7,4.0,3.0,6.3,4256.0,1.9,15.0,5.8,3.8,74.5,24.8,5.1,0.5,1.8,0.2,36.0,63.11,60.6
35.0,1,1.79,16.33,52.31,7.9,7.5,2.3,3.3,5.5,6847.0,5.0,33.0,5.3,5.7,132.9,10.0,6.8,0.5,1.7,0.2,47.0,71.69,93.0
23.0,1,1.67,25.92,72.58,6.8,6.5,4.2,1.2,2.8,7449.0,1.0,50.0,5.3,4.3,118.8,42.6,5.8,1.7,2.2,2.4,1.0,71.43,68.88
59.0,0,1.75,26.29,80.07,5.9,5.7,4.6,2.3,5.1,6332.0,3.4,31.0,7.7,1.5,75.2,34.6,4.9,2.2,0.9,0.5,11.0,76.48,61.77
47.0,0,1.62,35.48,92.92,6.0,3.4,6.6,1.0,4.6,5544.0,2.2,23.0,6.7,5.5,87.5,14.7,1.6,0.0,1.9,5.5,5.0,42.66,29.05
34.0,1,1.7,28.89,83.31,7.9,5.1,3.2,3.9,3.1,9470.0,2.6,86.0,6.6,5.2,94.9,22.2,3.4,2.0,3.4,1.5,7.0,83.82,65.13
21.0,0,1.69,28.64,81.41,5.8,5.5,6.1,5.2,7.7,4659.0,3.6,21.0,7.6,2.9,107.3,23.1,5.4,1.0,1.3,1.2,3.0,72.56,32.01
33.0,1,1.72,24.02,70.9,6.4,5.3,5.9,5.7,6.2,4091.0,3.6,1.0,1.9,9.2,90.6,33.6,3.4,1.3,2.8,1.1,13.0,52.68,47.72
33.0,0,1.67,27.17,75.82,7.2,6.0,4.3,4.6,7.1,8987.0,2.3,91.0,6.6,1.2,69.5,7.7,5.4,0.2,2.0,2.4,48.0,86.19,67.24
52.0,1,1.69,31.09,88.74,6.3,5.3,4.9,2.6,4.7,5461.0,1.6,36.0,6.4,2.8,75.6,21.0,6.4,0.6,1.6,1.2,10.0,63.36,48.82
48.0,0,1.77,16.03,50.01,7.2,6.2,5.4,1.1,3.7,9712.0,3.6,92.0,9.3,0.2,89.9,10.9,6.9,2.5,1.2,0.3,1.0,98.39,62.56
60.0,0,1.67,23.36,64.76,6.4,4.4,3.8,1.4,2.9,8382.0,3.6,63.0,2.9,6.8,114.7,22.7,2.5,1.5,2.1,4.2,15.0,58.04,59.14
40.0,1,1.57,23.65,58.41,6.7,5.7,2.1,2.1,2.2,3878.0,2.7,1.0,9.1,0.4,98.6,21.2,9.4,1.1,2.9,1.1,6.0,82.3,72.78
24.0,1,1.84,22.36,75.69,6.8,6.8,7.2,2.7,4.2,6893.0,3.4,50.0,6.2,1.3,74.5,25.6,6.5,1.4,1.8,0.2,29.0,86.4,54.94
52.0,1,1.81,26.98,88.45,6.3,5.9,5.0,3.8,6.2,3763.0,2.6,6.0,7.0,3.4,103.0,20.2,5.0,2.0,2.0,1.5,9.0,64.46,63.69
54.0,0,1.6,23.95,61.05,6.8,5.2,4.8,2.5,5.5,6144.0,2.2,36.0,9.4,1.2,82.3,19.0,7.2,1.9,2.6,2.1,3.0,80.39,56.97
44.0,0,1.76,11.08,34.15,7.2,6.0,5.5,4.5,5.3,6282.0,3.0,32.0,7.1,4.5,107.8,30.0,9.7,1.4,2.2,0.6,3.0,74.91,65.33
54.0,1,1.66,23.17,63.82,5.3,4.4,7.9,3.7,6.7,4396.0,1.0,0.0,6.8,2.4,140.5,28.6,2.1,2.6,1.1,3.2,22.0,50.43,20.61
41.0,1,1.72,28.26,83.7,6.6,6.2,4.7,4.0,5.4,4951.0,3.3,11.0,6.5,2.6,82.8,29.4,4.5,2.5,2.1,2.2,5.0,68.47,59.61
43.0,0,1.72,26.28,78.06,5.7,5.4,4.8,5.7,8.1,9786.0,3.5,102.0,5.0,2.3,106.0,23.6,0.2,1.9,2.9,2.1,22.0,81.84,50.24
38.0,0,1.68,27.04,76.42,7.3,6.0,3.0,2.2,3.7,6444.0,2.2,46.0,5.9,3.8,75.1,20.4,5.4,1.6,2.0,1.1,3.0,76.54,58.36
19.0,0,1.64,24.55,65.8,4.9,3.4,8.0,4.6,6.8,5822.0,4.6,24.0,4.6,6.3,87.8,24.0,5.7,2.2,0.5,6.5,6.0,29.15,12.47
23.0,1,1.64,18.78,50.81,6.7,5.2,4.0,4.0,6.9,9883.0,2.7,91.0,5.9,3.5,90.6,29.0,4.9,1.8,2.2,0.6,9.0,83.56,43.8
19.0,0,1.63,29.37,77.73,7.0,6.0,3.4,3.5,4.3,5499.0,2.9,26.0,1.3,10.0,86.1,7.6,3.7,2.6,1.9,1.7,43.0,50.5,67.83
48.0,0,1.63,21.54,57.49,7.1,6.7,3.3,5.3,6.6,5922.0,1.7,36.0,6.9,2.9,139.3,28.2,0.9,2.4,0.9,0.7,40.0,79.87,65.08
33.0,0,1.69,35.78,102.76,6.6,4.4,3.8,5.3,7.5,7716.0,2.8,52.0,5.8,4.4,83.9,27.5,5.7,0.5,1.0,2.7,3.0,52.67,48.25
42.0,0,1.64,29.11,78.56,6.7,7.4,4.7,2.6,7.0,5230.0,3.5,23.0,5.3,3.3,101.7,25.5,7.9,0.4,2.6,0.1,7.0,76.39,62.73
61.0,0,1.75,19.91,61.29,7.2,7.4,4.2,3.7,4.9,5229.0,3.8,14.0,6.4,3.8,51.4,23.8,3.8,0.8,1.6,0.1,2.0,73.4,59.58
30.0,1,1.82,18.38,60.83,5.5,4.7,4.8,4.4,8.5,3932.0,1.0,0.0,3.1,4.9,98.6,5.0,5.9,2.5,1.5,3.3,11.0,37.54,52.62
37.0,0,1.65,25.09,68.61,4.0,3.4,9.5,3.6,7.6,3476.0,1.0,0.0,9.9,0.8,112.8,21.5,1.9,0.0,2.0,1.1,9.0,56.22,0.0
54.0,1,1.72,22.47,66.41,6.5,5.9,4.8,4.9,6.8,5233.0,3.3,7.0,5.8,4.9,79.4,39.3,5.9,1.9,1.6,0.8,35.0,61.61,66.34
29.0,0,1.74,28.65,86.75,6.4,5.9,5.4,4.4,6.1,6398.0,2.6,39.0,5.7,5.7,40.0,25.1,4.2,1.9,2.1,1.9,40.0,66.06,57.62
22.0,1,1.74,24.11,72.8,4.3,3.2,7.6,6.7,8.1,4334.0,2.3,11.0,4.1,4.9,89.2,22.5,3.5,2.7,1.9,2.4,7.0,42.06,6.31
32.0,1,1.71,20.28,59.03,8.4,7.5,4.7,1.7,3.6,9321.0,4.0,100.0,6.0,4.1,90.3,25.1,3.5,1.7,1.3,0.4,10.0,93.31,62.61
26.0,1,1.76,31.77,98.36,7.2,7.1,3.1,3.8,4.4,3355.0,1.0,0.0,8.8,1.8,104.5,27.8,4.2,0.2,1.7,0.4,34.0,71.33,73.13
62.0,1,1.74,23.4,70.74,5.6,2.8,4.4,2.6,4.6,8512.0,1.9,78.0,8.1,2.4,130.2,30.3,5.8,0.5,2.3,6.3,25.0,68.49,49.0
56.0,0,1.6,31.81,81.53,4.9,4.5,7.3,4.9,8.4,6283.0,3.7,22.0,7.7,1.4,82.4,23.2,2.4,0.3,2.0,1.8,0.0,51.28,30.14
48.0,0,1.77,19.44,60.88,7.2,5.6,3.9,1.6,3.0,7391.0,3.7,61.0,7.1,0.5,72.9,28.4,4.2,1.0,2.0,1.0,6.0,81.09,62.54
59.0,1,1.77,24.06,75.45,5.8,4.2,5.7,4.5,6.3,8084.0,1.9,56.0,5.3,5.1,66.7,38.4,4.9,1.3,3.2,3.2,8.0,68.81,41.1
56.0,1,1.64,27.8,74.67,6.8,5.7,4.2,3.1,3.4,3935.0,1.0,0.0,3.1,6.7,94.0,33.1,2.8,0.3,2.4,1.5,4.0,53.86,52.81
27.0,1,1.7,14.36,41.66,6.4,6.2,4.4,2.9,5.3,5556.0,2.0,36.0,5.6,3.8,99.6,43.7,8.6,3.0,2.5,0.6,3.0,74.3,75.9
60.0,1,1.75,32.55,100.23,7.2,6.3,5.0,1.8,4.1,4487.0,1.0,12.0,5.5,5.2,79.1,19.7,3.3,0.2,1.9,0.5,1.0,59.52,50.94
43.0,1,1.68,31.54,89.36,7.2,6.5,3.2,3.3,5.4,3360.0,1.0,0.0,8.1,1.9,105.6,38.4,3.7,2.8,2.1,1.0,15.0,64.82,69.64
56.0,0,1.79,20.08,64.04,6.7,4.9,2.9,5.6,7.4,6756.0,3.3,53.0,6.6,2.1,99.3,18.7,3.0,2.7,1.7,3.9,5.0,69.65,53.42
60.0,0,1.89,14.98,53.47,7.7,6.8,3.5,4.0,5.7,8923.0,2.9,89.0,9.2,0.0,90.9,27.8,8.6,2.4,2.5,0.1,1.0,100.0,70.46
33.0,1,1.64,28.06,75.21,5.6,6.0,8.5,4.9,7.4,3048.0,1.0,0.0,8.4,0.5,72.0,30.9,6.1,0.8,1.9,0.5,4.0,70.93,22.46
23.0,1,1.59,28.22,71.3,5.1,3.1,5.2,6.5,8.5,5866.0,3.4,18.0,5.1,7.3,80.4,20.9,3.1,1.8,2.1,4.5,24.0,34.95,42.41
29.0,0,1.72,25.34,75.34,5.8,5.9,5.3,4.4,6.7,4106.0,1.0,0.0,2.4,8.3,41.4,25.7,7.2,0.2,2.1,0.3,29.0,50.72,59.9
38.0,1,1.76,23.59,72.87,7.9,6.7,1.9,3.2,5.4,6264.0,3.4,43.0,8.8,1.4,94.7,32.3,5.4,2.4,2.0,2.0,10.0,89.77,75.66
56.0,0,1.68,27.44,77.59,6.6,5.8,4.3,4.7,7.8,5705.0,2.6,27.0,8.7,1.1,90.5,19.3,5.5,1.4,3.8,0.5,8.0,84.28,65.66
58.0,1,1.82,27.8,91.71,6.9,5.4,1.0,3.2,5.9,5071.0,3.9,25.0,3.3,6.5,93.8,38.4,4.3,1.1,1.6,1.9,57.0,61.24,83.53
18.0,0,1.59,30.95,78.52,6.3,5.2,5.5,3.2,5.4,5050.0,3.4,40.0,9.0,2.1,100.1,13.9,3.5,0.3,1.6,1.0,3.0,64.16,40.68
42.0,0,1.76,17.61,54.26,5.8,5.2,8.9,1.7,5.2,10057.0,3.3,76.0,6.8,2.7,97.7,40.5,5.7,0.0,2.4,0.2,4.0,87.0,10.32
38.0,1,1.65,33.16,90.44,7.2,6.2,7.0,5.4,7.8,9846.0,2.4,96.0,6.3,4.3,87.8,33.0,3.9,0.5,1.6,1.7,5.0,76.67,41.8
28.0,0,1.84,28.02,94.61,5.2,4.8,7.7,3.4,6.7,4151.0,1.4,7.0,9.2,0.4,91.0,24.3,8.6,2.6,1.8,2.3,3.0,61.56,19.59
24.0,1,1.86,33.92,117.28,5.6,4.7,5.8,4.3,6.9,3033.0,1.0,0.0,8.7,3.3,61.9,21.8,2.5,1.1,1.3,2.3,7.0,50.07,40.85
34.0,1,1.64,19.79,53.15,7.5,6.3,4.4,2.4,2.6,6431.0,3.3,53.0,7.3,3.4,78.3,20.9,8.1,1.3,2.3,2.0,36.0,77.28,75.02
62.0,1,1.66,26.85,73.64,5.0,4.5,8.8,4.7,8.0,9367.0,2.6,76.0,6.9,4.3,91.0,23.9,4.8,2.2,2.3,1.4,14.0,64.69,4.89
33.0,0,1.77,12.39,38.77,7.4,6.7,4.8,2.9,5.0,8338.0,3.3,60.0,7.2,2.2,75.3,24.6,5.6,3.3,1.8,1.5,8.0,84.44,60.63
42.0,0,1.67,28.11,78.3,7.2,6.5,2.5,3.8,5.7,9664.0,2.8,88.0,5.2,5.9,107.2,35.0,6.7,2.8,2.4,2.0,41.0,80.32,83.95
51.0,0,1.7,21.47,61.78,7.0,5.2,4.5,5.3,7.6,5194.0,3.4,29.0,5.9,3.8,76.8,40.7,3.7,0.5,0.9,2.3,1.0,63.46,50.74
35.0,1,1.7,34.12,98.85,5.6,4.7,5.1,5.2,6.8,4850.0,2.0,2.0,4.2,5.9,94.3,26.6,6.7,0.0,1.6,2.1,4.0,47.58,51.68
64.0,1,1.55,24.41,58.38,6.5,6.3,6.4,4.0,6.2,6370.0,3.2,36.0,5.3,6.3,92.3,18.2,0.0,3.9,1.9,1.8,13.0,75.31,44.41
63.0,1,1.7,15.47,44.66,5.1,4.3,7.4,1.3,2.8,5539.0,2.4,20.0,5.3,3.7,104.9,20.6,3.6,3.8,1.3,0.3,14.0,49.25,50.37
30.0,1,1.64,23.26,62.93,5.1,5.0,5.9,8.5,11.8,7406.0,1.5,53.0,4.7,5.5,108.0,23.5,3.2,1.7,1.0,0.5,1.0,54.1,31.54
41.0,1,1.66,14.64,40.37,5.9,5.4,6.8,6.6,8.5,6881.0,2.8,61.0,6.3,4.2,103.9,16.8,2.5,0.2,1.8,0.6,8.0,77.31,27.76
32.0,1,1.82,24.66,81.27,5.5,3.6,2.6,5.1,6.7,7677.0,4.5,71.0,5.4,5.2,47.9,15.6,4.6,2.5,2.4,5.0,16.0,66.7,59.87
31.0,0,1.6,15.25,39.02,7.3,6.8,3.5,2.9,3.9,6945.0,1.5,53.0,7.0,2.5,113.9,41.8,5.8,1.4,2.8,2.8,18.0,83.53,65.8
20.0,1,1.77,22.61,70.43,6.5,5.8,5.3,3.8,6.1,6834.0,3.1,42.0,2.8,9.3,120.5,27.4,6.4,1.4,1.7,1.6,15.0,54.08,60.68
47.0,0,1.68,13.8,38.83,6.2,6.5,6.0,3.2,5.4,6720.0,3.8,57.0,5.8,2.9,80.4,18.3,5.5,2.4,2.4,0.6,6.0,79.91,58.44
42.0,1,1.68,23.16,65.2,5.3,5.2,7.6,5.9,8.3,3912.0,1.0,0.0,6.3,5.2,94.7,31.5,3.7,1.8,2.4,0.2,1.0,46.54,9.61
20.0,1,1.76,30.44,94.65,6.0,4.7,5.6,4.4,5.4,5414.0,2.5,25.0,5.4,5.8,72.2,15.6,5.7,0.3,2.7,4.6,8.0,55.42,48.12
31.0,1,1.73,25.28,75.41,5.0,3.4,5.7,2.8,3.2,6509.0,2.4,35.0,5.7,6.2,51.0,16.2,5.2,1.2,1.8,4.5,2.0,40.67,45.41
61.0,0,1.75,18.72,57.05,6.6,5.9,3.3,3.3,5.9,7030.0,1.8,45.0,2.8,5.6,75.2,18.6,6.9,2.2,0.9,0.2,44.0,63.54,81.92
29.0,0,1.78,22.01,69.53,5.6,4.7,4.4,5.7,9.2,5511.0,4.1,34.0,6.7,2.4,79.2,38.2,6.6,2.0,2.0,3.2,10.0,66.28,48.0
25.0,0,1.67,25.09,70.27,6.9,6.4,3.1,6.4,7.4,7824.0,2.1,52.0,7.3,4.2,82.9,23.0,5.1,1.8,1.4,1.2,6.0,80.6,64.92
41.0,0,1.65,28.28,77.09,5.6,5.6,5.4,6.3,9.9,4435.0,2.6,17.0,7.0,1.1,70.8,5.5,3.2,2.4,1.6,0.8,22.0,76.69,42.91
64.0,0,1.61,19.02,49.5,6.5,5.6,5.8,5.1,7.4,8587.0,1.2,67.0,8.1,0.3,75.3,34.7,3.7,1.1,1.8,2.7,10.0,86.62,48.4
29.0,1,1.63,29.55,78.89,6.1,4.6,7.5,3.6,5.6,6377.0,3.9,44.0,6.4,3.1,89.8,22.5,3.9,1.7,1.8,1.9,6.0,69.36,41.06
50.0,1,1.94,7.85,29.43,7.5,5.7,3.4,0.5,2.1,6651.0,4.2,43.0,7.0,3.2,74.6,10.2,4.4,0.0,2.1,3.0,25.0,73.76,65.3
54.0,0,1.8,18.7,60.55,6.3,6.4,3.6,4.4,5.1,5125.0,3.8,17.0,6.3,5.3,100.9,22.5,5.5,1.1,2.4,0.2,30.0,72.16,75.75
29.0,0,1.59,24.73,62.68,6.6,5.0,5.5,4.0,7.0,7601.0,1.4,58.0,7.4,2.4,103.6,29.2,6.4,2.3,1.8,0.8,17.0,77.11,48.33
52.0,0,1.59,31.28,79.5,6.3,6.0,5.2,4.2,5.4,5884.0,3.6,26.0,2.8,6.5,137.6,28.2,4.9,1.1,2.2,0.8,1.0,49.13,55.97
35.0,1,1.74,23.27,70.34,6.8,6.2,6.2,4.1,5.3,4795.0,1.3,10.0,4.2,6.1,112.5,39.4,5.0,1.0,2.0,0.8,13.0,63.44,57.51
48.0,1,1.74,16.09,48.92,6.0,5.8,7.3,2.0,5.0,6110.0,3.1,29.0,9.2,1.3,94.9,18.2,5.3,0.5,2.6,1.4,22.0,82.49,49.21
48.0,1,1.74,18.16,55.23,5.5,5.4,8.9,4.8,5.0,7000.0,3.2,46.0,1.1,9.4,77.6,25.4,4.0,2.5,1.9,0.7,2.0,57.75,14.51
43.0,0,1.68,25.87,72.98,6.9,5.8,5.9,4.9,5.4,6347.0,3.3,50.0,5.7,4.1,95.9,19.4,3.1,2.0,2.0,1.2,4.0,76.62,48.3
22.0,1,1.69,24.09,68.81,6.6,5.7,5.7,5.0,7.0,7027.0,3.5,48.0,8.3,0.0,96.5,12.7,1.5,2.3,1.8,0.9,32.0,89.5,48.46
57.0,1,1.73,20.58,61.31,4.5,3.5,8.9,5.4,7.7,5511.0,3.0,30.0,5.8,3.3,79.7,32.1,3.6,0.0,1.9,2.7,0.0,44.4,8.28
33.0,0,1.71,21.55,62.79,6.3,5.8,4.8,4.9,7.4,7421.0,1.0,66.0,5.2,6.2,105.7,28.7,5.9,1.3,1.5,1.9,21.0,72.91,56.3
27.0,1,1.52,34.71,80.44,6.1,4.1,6.3,3.4,5.1,7122.0,3.5,54.0,6.3,3.9,62.0,27.3,3.6,1.2,1.5,2.1,10.0,60.76,45.96
20.0,0,1.68,22.01,62.23,7.2,6.7,4.5,3.9,8.4,7582.0,3.1,58.0,5.3,4.4,85.1,28.4,4.5,1.2,2.5,0.5,9.0,78.83,51.9
46.0,1,1.63,25.79,68.68,6.5,5.5,5.1,4.1,5.9,5154.0,2.1,17.0,6.1,5.1,101.1,19.5,5.9,0.9,1.4,0.8,0.0,65.91,57.36
50.0,0,1.71,34.91,102.55,6.5,6.3,6.0,4.2,5.9,4528.0,1.0,0.0,4.6,4.2,84.2,17.0,6.0,1.2,1.8,0.0,26.0,54.33,66.02
19.0,1,1.94,12.94,48.64,6.1,6.0,5.0,5.5,6.7,5771.0,4.5,19.0,8.2,1.6,85.9,25.3,2.8,2.3,2.6,0.2,7.0,86.93,52.28
42.0,1,1.73,14.12,42.22,7.2,5.7,5.0,5.0,7.1,9790.0,4.2,94.0,8.8,1.3,87.2,34.3,7.0,0.0,1.8,0.6,12.0,94.34,55.77
29.0,1,1.67,29.14,81.75,7.3,6.7,3.3,7.1,9.7,7075.0,3.7,47.0,5.7,3.8,73.3,37.9,7.3,3.3,2.5,0.1,17.0,81.3,66.52
48.0,1,1.77,19.01,59.82,4.8,4.4,9.7,7.3,10.5,9411.0,2.3,89.0,3.2,6.9,113.5,31.4,2.7,2.0,1.6,1.8,18.0,51.02,0.0
26.0,0,1.74,21.58,65.23,4.9,1.9,5.3,4.1,4.6,6235.0,1.0,31.0,5.0,4.9,69.6,25.2,3.4,1.5,1.4,10.0,47.0,20.87,50.95
50.0,0,1.73,19.39,58.28,6.8,6.3,3.9,0.5,2.3,6008.0,3.8,29.0,5.6,3.0,96.4,27.2,7.4,2.4,1.0,0.2,11.0,69.28,79.8
36.0,0,1.75,21.62,66.1,4.7,3.1,6.9,5.9,8.3,5708.0,3.4,29.0,7.0,3.2,98.3,25.1,4.7,0.0,2.8,3.4,8.0,51.49,27.01
62.0,0,1.86,27.03,93.98,6.5,5.6,4.9,3.2,5.8,7021.0,2.6,32.0,4.0,4.7,71.0,16.8,0.6,0.8,1.3,0.3,46.0,68.65,64.29
24.0,1,1.61,31.67,82.03,5.0,3.6,7.3,2.8,4.8,3727.0,1.0,0.0,4.5,5.7,91.5,25.2,2.2,1.4,2.4,2.2,15.0,25.81,31.96
34.0,0,1.74,27.46,82.93,6.7,6.0,4.8,3.4,5.9,4779.0,3.8,1.0,7.0,4.4,71.8,14.3,4.5,2.9,1.4,2.1,5.0,61.61,57.49
23.0,1,1.63,18.44,48.76,5.2,3.7,6.8,3.3,4.5,6107.0,3.2,46.0,7.9,1.8,117.8,24.0,2.7,1.5,2.8,4.7,2.0,55.26,35.38
61.0,1,1.74,17.33,52.73,6.5,6.1,6.9,4.9,8.5,8173.0,3.0,63.0,4.8,4.1,67.2,38.1,4.2,2.0,3.3,0.2,28.0,78.86,47.49
59.0,1,1.63,10.36,27.41,7.1,5.6,6.9,1.7,4.7,10995.0,3.1,105.0,3.3,6.5,76.9,31.6,5.1,0.9,1.0,0.8,7.0,74.31,37.43
30.0,0,1.67,20.83,57.86,8.1,7.4,1.0,2.4,3.0,4846.0,3.7,30.0,10.0,0.0,65.5,17.6,7.9,2.0,1.3,0.2,16.0,86.67,88.99
49.0,1,1.68,30.01,84.35,7.2,6.8,4.4,4.5,5.4,4710.0,2.1,11.0,7.6,3.0,62.8,24.4,4.4,3.2,2.5,1.0,10.0,66.58,64.78
56.0,1,1.78,24.59,77.75,4.8,2.4,3.6,4.9,5.9,5232.0,3.4,15.0,5.5,4.4,121.8,18.3,7.1,2.5,2.3,4.9,3.0,35.17,53.16
44.0,0,1.77,21.2,66.68,6.0,4.6,5.3,5.0,7.6,8222.0,2.1,68.0,7.7,4.0,100.9,24.5,7.9,1.4,2.5,3.0,14.0,79.2,56.35
43.0,1,1.6,27.2,69.67,7.2,5.2,1.4,2.8,3.5,8186.0,4.3,67.0,5.8,5.4,92.8,33.3,7.9,2.2,1.7,2.6,1.0,70.12,80.02
29.0,1,1.7,20.54,59.67,6.3,5.4,1.7,2.5,4.2,4988.0,3.5,15.0,7.7,2.1,76.9,30.2,5.6,2.1,3.2,1.5,8.0,73.87,71.74
22.0,0,1.64,27.06,73.07,3.9,2.4,9.2,3.2,5.7,3453.0,1.0,0.0,6.3,4.4,108.2,44.9,1.1,2.0,2.1,4.3,12.0,29.05,0.0
60.0,1,1.6,31.86,81.49,6.2,5.8,6.2,4.4,6.3,7954.0,3.1,46.0,6.2,3.4,73.5,34.5,5.9,2.6,1.3,1.2,9.0,67.39,58.87
60.0,0,1.68,16.16,45.76,5.9,5.7,5.3,6.2,8.5,6505.0,2.1,46.0,5.8,4.3,105.9,26.6,7.1,2.6,1.8,0.3,21.0,77.29,53.83
48.0,0,1.68,26.54,74.49,7.6,6.6,3.8,0.9,1.9,7824.0,4.5,60.0,3.1,6.5,72.5,30.4,4.8,1.4,1.3,3.6,26.0,63.68,71.18
34.0,0,1.89,23.41,83.99,6.3,5.9,4.3,3.7,6.3,4272.0,4.6,10.0,9.9,0.9,77.1,23.4,8.5,2.1,3.0,0.7,22.0,78.58,66.27
34.0,0,1.73,21.19,63.77,6.3,6.2,6.1,2.0,3.4,2862.0,1.0,0.0,4.1,7.3,105.2,16.0,6.7,1.1,1.6,0.1,1.0,55.07,57.67
52.0,0,1.59,31.85,80.51,6.9,6.2,3.6,1.5,3.2,3538.0,1.0,0.0,3.3,7.5,107.3,35.4,6.1,0.6,2.3,0.3,3.0,46.18,70.14
60.0,0,1.65,40.98,112.22,5.9,4.6,5.6,5.5,7.7,5645.0,3.2,39.0,5.6,5.3,101.9,33.1,7.2,1.2,1.7,1.9,12.0,57.47,49.14
60.0,1,1.78,21.56,68.43,6.8,6.3,4.2,4.8,6.9,10537.0,3.8,100.0,4.1,6.8,69.0,23.1,5.7,1.4,1.6,1.9,41.0,77.19,70.04
55.0,1,1.87,21.77,75.9,6.2,6.4,4.1,4.7,6.7,5133.0,4.2,24.0,5.9,4.7,81.1,27.2,0.0,0.0,0.9,0.6,27.0,64.75,53.73
48.0,1,1.57,23.81,58.93,6.8,6.0,6.7,5.4,6.6,9733.0,3.0,100.0,7.4,1.5,93.1,34.9,4.0,2.4,2.4,2.6,28.0,91.26,59.13
22.0,0,1.55,30.28,72.72,6.3,5.2,4.1,3.3,5.0,6272.0,3.1,47.0,8.0,3.7,73.0,31.8,7.4,0.0,2.8,3.0,5.0,62.49,51.74
26.0,0,1.85,22.48,76.9,4.7,2.8,7.0,3.4,5.4,4047.0,1.0,0.0,7.6,4.2,117.4,13.3,3.4,4.2,1.5,5.1,8.0,33.55,40.75
60.0,1,1.73,24.33,72.92,6.0,5.9,6.2,7.3,7.9,5988.0,3.6,39.0,5.4,4.4,42.0,26.9,4.6,3.0,1.1,1.8,10.0,71.18,50.46
47.0,0,1.63,20.58,54.7,5.8,5.0,8.3,3.6,5.2,7757.0,2.2,54.0,6.1,3.5,74.4,23.7,2.9,1.2,2.5,3.0,3.0,73.94,9.97
18.0,0,1.74,24.07,73.1,5.4,5.5,3.9,5.1,7.5,4151.0,1.0,0.0,6.8,3.8,79.8,33.9,8.6,1.5,1.0,2.8,0.0,49.08,61.78
23.0,1,1.49,41.46,91.93,8.3,6.9,1.0,4.0,4.7,6554.0,2.8,47.0,2.5,8.1,40.0,33.2,8.4,1.8,2.7,0.6,44.0,57.12,98.92
49.0,0,1.7,26.54,76.73,7.7,7.3,4.1,1.2,4.4,8744.0,1.0,72.0,7.1,2.7,62.1,35.5,3.2,0.9,1.5,0.7,4.0,90.77,62.48
18.0,1,1.73,28.33,84.43,6.9,6.4,5.2,0.9,4.2,6798.0,2.0,47.0,3.1,5.7,102.5,16.1,5.3,1.7,1.3,1.3,4.0,64.43,66.47
26.0,1,1.77,21.11,66.44,6.1,5.7,7.7,3.1,3.9,5677.0,2.1,28.0,10.0,0.3,90.6,18.7,3.6,1.4,2.1,0.0,1.0,85.52,40.28
44.0,0,1.62,31.0,81.25,5.2,5.6,6.8,5.6,8.9,3936.0,2.4,11.0,5.2,5.4,121.5,33.9,6.2,1.4,1.4,0.7,40.0,36.85,52.77
51.0,0,1.71,25.47,74.19,7.0,6.4,1.8,5.2,7.0,6033.0,3.8,34.0,5.6,5.1,120.9,20.3,6.0,1.7,1.6,1.3,13.0,70.37,72.36
49.0,1,1.63,21.08,55.74,5.3,4.7,5.6,5.4,7.8,4161.0,1.0,0.0,4.5,5.9,98.7,12.8,6.6,0.2,2.2,0.2,16.0,39.26,50.47
29.0,0,1.72,25.26,74.78,7.8,7.1,1.0,2.5,4.0,6009.0,3.5,22.0,4.7,5.0,96.3,29.3,5.7,1.5,0.5,0.3,36.0,67.63,89.5
51.0,0,1.63,20.79,55.12,5.9,4.8,6.5,6.4,9.3,4794.0,3.6,19.0,10.0,1.0,91.3,20.6,10.9,1.7,3.0,1.2,6.0,84.78,50.69
29.0,1,1.67,21.76,60.51,6.3,5.0,6.8,2.6,5.0,7222.0,3.7,35.0,7.9,2.2,40.0,39.3,2.9,1.6,2.0,2.6,15.0,70.01,42.91
33.0,0,1.62,27.74,72.84,5.4,4.6,6.2,4.3,5.5,5227.0,1.0,16.0,2.9,6.6,62.1,27.4,1.6,1.3,1.2,3.6,1.0,28.99,34.98
53.0,1,1.75,24.26,74.46,6.7,6.4,5.6,4.0,4.8,3707.0,3.0,8.0,9.0,0.8,92.0,26.3,4.2,2.6,1.4,1.6,3.0,73.31,52.16
49.0,1,1.77,16.67,52.16,8.0,7.1,4.7,3.7,4.3,7083.0,1.2,58.0,8.4,0.0,102.3,22.0,1.9,1.1,2.6,1.3,27.0,100.0,63.03
58.0,0,1.68,30.36,85.81,6.0,5.2,4.8,6.0,8.2,6603.0,3.5,32.0,5.4,4.4,95.8,37.7,2.0,1.7,2.4,1.0,22.0,60.28,47.13
49.0,0,1.7,27.09,78.58,6.5,6.3,6.4,2.9,5.5,5586.0,1.0,16.0,6.6,4.1,72.2,27.9,3.0,2.8,2.8,0.4,6.0,73.11,50.92
45.0,0,1.58,23.68,59.43,5.8,5.9,5.1,2.0,4.6,7014.0,2.8,50.0,6.0,4.4,108.7,21.7,3.2,1.4,1.6,0.3,7.0,75.99,52.84
22.0,0,1.68,16.71,46.94,4.8,2.9,7.0,4.0,5.9,5122.0,3.5,17.0,9.9,1.6,119.6,18.6,3.1,1.7,2.2,3.1,11.0,53.48,31.38
35.0,0,1.7,23.58,67.83,6.8,6.1,4.9,3.4,4.2,5644.0,1.9,37.0,4.4,5.3,108.8,24.4,6.0,1.4,2.3,1.3,0.0,66.71,64.2
30.0,1,1.91,17.36,63.31,5.0,4.0,5.8,9.1,10.4,8418.0,4.0,63.0,6.3,4.2,109.8,17.2,4.0,2.7,2.4,3.1,4.0,52.72,36.37
29.0,0,1.61,27.62,71.7,7.0,6.3,4.0,5.0,8.2,4634.0,3.5,19.0,5.1,5.6,78.8,33.2,4.6,1.2,2.7,2.4,4.0,64.59,57.03
64.0,1,1.82,19.55,64.55,7.5,7.1,2.1,3.4,4.9,4760.0,3.4,6.0,3.1,9.2,111.5,10.5,6.8,2.8,1.6,0.4,4.0,54.89,75.58
36.0,1,1.78,12.59,39.89,6.7,6.2,6.4,2.4,4.6,6345.0,3.7,28.0,10.0,0.1,92.9,23.9,3.5,1.4,1.9,1.4,25.0,83.66,44.88
60.0,1,1.72,21.63,64.17,7.0,6.0,3.8,1.2,2.1,4024.0,1.0,0.0,3.6,5.3,100.2,29.9,4.5,0.6,1.6,1.2,5.0,59.26,60.14
48.0,1,1.84,19.31,65.42,5.9,5.4,5.6,2.5,4.8,6007.0,3.2,25.0,6.4,4.4,97.3,27.7,5.7,2.2,2.0,1.1,3.0,66.26,44.51
55.0,0,1.73,26.57,79.5,5.1,5.1,8.6,4.2,5.7,6082.0,3.0,19.0,2.5,9.3,87.6,19.3,1.1,1.2,2.4,1.6,11.0,44.67,7.18
42.0,1,1.73,19.86,59.53,4.3,2.0,5.4,6.1,9.2,4134.0,1.0,0.0,5.2,4.5,72.8,30.3,0.2,2.1,1.0,8.0,30.0,22.86,38.69
45.0,1,1.7,33.1,95.18,5.3,4.3,5.3,5.7,8.5,6037.0,2.3,35.0,6.8,4.0,88.4,17.9,5.7,0.0,2.7,3.4,4.0,37.52,37.78
41.0,0,1.8,12.78,41.33,6.0,3.6,5.3,4.3,5.8,5702.0,1.8,29.0,4.4,6.9,109.7,24.8,6.0,1.5,1.3,4.7,1.0,40.86,36.97
27.0,0,1.79,28.06,89.67,7.6,7.0,4.5,3.5,5.4,7915.0,2.7,71.0,7.2,3.8,81.2,30.2,9.1,1.0,1.8,0.1,7.0,85.46,74.63
52.0,1,1.65,24.48,66.64,6.1,4.7,7.5,4.4,5.9,5806.0,2.6,36.0,5.5,4.7,107.9,28.7,5.3,0.4,2.7,0.3,21.0,72.41,39.93
31.0,0,1.59,32.61,82.89,5.7,5.3,6.6,3.2,3.8,6558.0,2.3,39.0,8.3,1.0,104.7,19.6,6.6,0.9,2.2,0.2,12.0,74.29,51.93
19.0,0,1.68,25.11,71.2,7.2,6.6,6.1,6.6,7.7,8034.0,3.9,69.0,8.7,1.2,84.0,34.6,4.6,0.9,2.2,0.6,25.0,92.17,56.31
48.0,0,1.64,32.54,87.09,6.1,5.9,5.4,3.7,5.9,5076.0,1.8,15.0,4.8,5.6,117.8,25.7,5.6,1.5,1.3,1.2,48.0,50.36,67.96
26.0,0,1.69,22.34,64.19,8.0,6.2,3.7,3.9,6.2,5504.0,2.8,37.0,6.2,4.8,82.9,30.9,8.3,0.1,1.4,2.1,24.0,67.34,72.74
62.0,1,1.8,16.54,53.52,6.8,6.2,5.5,0.7,2.8,3954.0,1.0,0.0,6.4,4.0,120.2,37.2,0.8,1.8,2.6,1.4,14.0,66.46,55.76
63.0,1,1.66,33.0,91.31,6.1,5.2,4.5,3.7,5.4,8007.0,3.9,58.0,7.2,2.4,98.7,33.9,5.8,2.9,1.6,4.7,10.0,59.12,53.4
61.0,1,1.7,23.73,68.3,5.8,3.6,3.6,5.3,8.2,5442.0,4.2,33.0,6.0,4.5,89.7,34.0,9.3,1.8,1.7,5.6,1.0,53.79,50.69
35.0,0,1.7,25.23,73.32,5.8,4.8,4.0,2.4,4.5,4414.0,2.4,7.0,6.4,4.5,72.2,26.5,5.6,2.3,2.6,0.4,60.0,70.13,80.28
19.0,0,1.77,28.32,88.52,6.6,5.3,5.4,2.9,5.6,6450.0,3.8,56.0,5.5,4.9,88.2,31.4,8.3,2.6,1.4,3.8,7.0,63.6,56.45
62.0,0,1.52,23.59,54.52,7.3,5.8,5.8,5.2,5.4,3347.0,1.0,0.0,6.2,2.9,85.9,26.7,3.7,2.7,2.2,1.3,2.0,69.05,47.25
38.0,0,1.65,28.94,78.93,6.4,5.4,3.5,1.8,1.0,5913.0,2.7,25.0,8.6,1.2,64.8,15.3,4.9,3.4,2.0,1.2,16.0,80.46,68.16
63.0,0,1.72,20.75,61.15,6.2,5.5,3.8,5.6,7.9,7720.0,2.8,65.0,7.3,3.7,85.6,27.4,5.1,1.0,2.0,3.1,5.0,73.24,52.33
63.0,1,1.8,21.09,68.02,7.1,7.6,3.9,3.2,3.8,6356.0,2.4,24.0,7.4,1.2,73.9,27.1,0.6,0.8,1.7,0.2,13.0,80.96,58.56
58.0,0,1.66,25.78,71.08,6.0,4.0,5.9,3.4,5.2,4920.0,2.6,12.0,7.4,0.5,101.7,29.7,2.7,2.3,1.7,4.3,13.0,66.42,39.81
32.0,1,1.55,19.77,47.5,7.6,6.1,4.4,2.3,4.0,5687.0,2.5,24.0,5.7,5.8,116.1,24.0,2.8,2.2,1.4,2.2,9.0,61.12,53.9
36.0,0,1.75,19.05,58.32,5.5,4.0,4.4,4.6,8.2,3462.0,1.0,0.0,6.6,3.9,65.5,18.9,6.6,2.3,2.3,4.2,27.0,55.4,58.9
58.0,0,1.65,33.19,90.27,4.9,1.6,6.3,7.7,10.1,6140.0,3.9,39.0,3.8,6.8,124.2,30.3,6.7,3.4,1.6,10.0,5.0,14.46,30.67
33.0,0,1.6,32.34,83.29,6.2,6.5,4.6,5.2,7.3,4660.0,2.8,17.0,8.5,0.4,87.4,14.5,5.6,1.5,2.6,1.5,9.0,74.6,55.61
26.0,1,1.65,25.36,69.06,7.3,6.5,3.3,2.7,5.5,5281.0,3.2,30.0,1.0,9.7,70.5,36.7,6.6,1.9,1.9,0.2,12.0,56.66,61.6
44.0,1,1.69,25.93,73.65,6.9,6.2,3.3,5.7,8.1,6158.0,3.2,30.0,5.8,4.4,105.2,23.1,4.7,0.5,1.4,0.4,16.0,74.17,67.98
62.0,1,1.65,24.04,65.59,7.7,7.7,3.7,3.5,5.1,6717.0,3.1,38.0,8.3,0.1,81.1,27.0,7.4,3.6,1.9,0.8,23.0,89.06,85.57
51.0,0,1.52,38.92,90.35,5.4,5.5,7.3,6.1,9.1,6301.0,3.1,35.0,3.3,8.2,88.4,29.5,5.0,1.2,1.8,0.2,8.0,39.08,35.56
45.0,0,1.77,21.34,66.99,7.1,6.1,2.6,5.2,6.1,5885.0,2.7,38.0,6.8,3.4,81.9,29.7,5.1,1.2,2.6,3.4,16.0,66.92,64.46
23.0,1,1.8,22.63,73.48,6.1,5.2,4.8,0.5,2.8,4165.0,1.0,0.0,4.6,5.0,73.7,13.7,4.5,1.2,1.8,0.7,2.0,59.26,54.53
47.0,0,1.75,28.4,87.19,6.2,3.5,3.0,2.5,2.9,6419.0,3.8,56.0,5.3,4.4,104.5,31.6,6.4,0.9,1.8,7.4,40.0,48.21,70.78
65.0,1,1.61,22.54,58.34,5.9,4.5,4.6,5.4,7.6,7706.0,3.0,51.0,7.9,0.1,84.3,27.4,4.2,0.8,2.8,2.4,7.0,80.56,40.44
25.0,0,1.68,32.93,93.38,6.1,6.1,6.7,4.2,6.4,4718.0,2.6,23.0,6.4,4.2,61.3,19.9,7.0,1.0,2.3,0.4,20.0,62.6,43.28
42.0,0,1.7,16.29,47.04,6.4,6.3,5.7,2.5,6.1,7391.0,2.9,66.0,1.9,8.3,101.0,19.0,2.7,0.1,3.0,1.3,0.0,71.05,41.06
59.0,0,1.75,30.91,94.44,7.2,6.1,5.2,3.0,3.5,5293.0,3.4,21.0,4.0,5.8,65.9,22.3,2.8,0.7,2.8,1.3,3.0,56.97,44.67
53.0,0,1.75,20.95,64.41,7.2,6.2,3.7,1.1,2.5,8353.0,4.5,71.0,8.0,3.3,66.9,14.6,6.4,3.4,1.5,1.4,10.0,82.19,74.22
51.0,1,1.64,24.63,66.36,6.7,5.7,1.8,3.9,6.7,8980.0,1.6,84.0,6.9,1.7,113.9,38.8,4.8,2.2,2.6,1.5,32.0,86.08,76.25
51.0,0,1.71,14.3,41.65,4.8,4.1,8.0,7.3,9.7,6230.0,3.7,46.0,9.5,0.0,66.1,36.9,4.1,2.4,2.9,0.1,11.0,72.31,6.13
35.0,0,1.74,20.95,63.18,7.0,5.6,2.4,5.2,7.4,5628.0,4.1,18.0,9.4,0.0,43.7,28.6,6.8,2.7,2.9,2.3,40.0,78.44,76.17
32.0,0,1.82,16.49,54.4,5.3,5.2,5.9,7.3,8.3,4915.0,1.5,29.0,5.3,4.4,102.5,23.2,3.8,3.3,2.6,1.3,10.0,53.02,53.61
56.0,0,1.76,19.74,60.89,6.1,4.5,6.5,5.3,6.7,7409.0,2.8,69.0,10.0,0.1,83.9,23.4,4.6,0.0,2.6,3.1,10.0,90.17,41.88
56.0,1,1.76,21.86,67.94,4.3,3.5,8.2,5.5,8.8,3947.0,1.0,0.0,6.0,4.4,85.6,31.1,7.8,0.3,1.8,3.4,2.0,35.38,7.15
59.0,1,1.71,28.96,84.37,6.9,5.7,3.2,7.0,8.9,4976.0,3.4,27.0,4.1,5.6,83.7,39.1,8.1,0.7,1.5,0.5,24.0,62.95,76.24
61.0,1,1.81,22.25,73.11,6.4,6.0,4.6,4.6,6.9,6145.0,2.6,26.0,4.7,4.4,94.6,20.4,8.1,1.0,1.8,0.1,4.0,68.59,55.02
42.0,1,1.73,24.85,74.62,7.1,5.7,6.1,3.7,5.6,3816.0,2.9,7.0,1.5,10.0,74.9,16.1,4.4,1.2,1.0,2.4,34.0,52.92,52.12
42.0,0,1.63,20.13,53.57,6.5,3.3,4.3,5.5,6.4,8534.0,2.6,63.0,9.2,3.2,119.5,37.4,7.5,1.1,2.8,7.6,36.0,68.33,60.2
56.0,1,1.81,17.29,56.79,5.7,5.6,6.0,6.2,9.1,7180.0,3.7,44.0,9.2,1.0,60.5,10.7,3.1,1.7,1.8,1.2,43.0,87.29,45.48
49.0,0,1.76,31.46,96.98,6.3,6.3,4.0,3.3,5.8,4661.0,3.2,1.0,4.0,5.3,98.9,16.9,3.2,1.5,2.8,0.6,11.0,55.67,65.36
51.0,0,1.66,21.28,58.97,8.0,6.8,5.7,2.9,7.2,8051.0,3.2,52.0,5.5,5.9,102.8,23.0,0.3,0.8,1.3,0.3,17.0,77.36,45.4
55.0,1,1.66,34.35,94.84,6.4,5.8,3.5,4.2,5.2,5135.0,3.2,18.0,6.2,2.4,74.8,12.5,8.3,0.0,2.6,0.7,23.0,65.16,66.94
60.0,0,1.72,22.33,66.35,5.8,5.5,5.4,5.2,8.1,3946.0,3.6,8.0,4.1,5.6,69.5,33.9,3.3,0.5,1.7,0.8,2.0,60.56,42.77
34.0,1,1.74,23.21,70.03,6.9,5.3,2.6,5.2,5.9,5051.0,2.7,18.0,2.5,6.8,110.3,31.9,4.7,1.0,1.2,1.1,14.0,50.27,64.11
36.0,0,1.72,29.23,86.06,6.8,5.1,4.8,1.9,4.0,6628.0,4.7,49.0,5.6,3.3,70.2,20.4,3.2,1.3,3.0,2.1,1.0,73.95,48.01
22.0,1,1.72,29.94,89.08,4.5,5.1,8.2,6.9,9.8,7053.0,1.8,57.0,5.4,4.4,77.9,35.2,6.4,0.4,2.7,0.6,10.0,59.53,7.97
45.0,1,1.84,20.27,68.34,7.2,6.2,5.0,3.0,3.0,5299.0,1.3,20.0,5.2,3.9,107.7,36.6,4.2,1.0,2.1,0.1,3.0,73.01,50.35
20.0,1,1.79,20.13,64.18,5.5,5.7,8.1,3.6,5.4,6558.0,1.2,45.0,6.4,3.6,90.7,24.1,2.4,0.4,2.0,0.9,3.0,60.69,20.85
40.0,1,1.72,23.51,69.16,7.4,5.1,5.0,2.6,4.1,8574.0,1.0,83.0,8.9,1.2,54.1,21.4,5.9,1.4,2.3,3.9,7.0,86.83,50.47
44.0,1,1.78,23.82,75.07,4.6,4.6,5.8,8.0,9.3,3877.0,1.0,0.0,5.4,4.0,124.9,43.1,2.1,0.4,2.1,1.4,8.0,47.99,40.52
31.0,0,1.62,31.87,83.37,4.5,2.5,7.5,4.4,6.7,5809.0,3.6,26.0,6.3,3.3,79.4,30.8,3.3,0.7,1.5,6.7,15.0,16.22,3.56
46.0,1,1.73,23.36,70.06,5.1,4.6,6.9,2.7,5.8,7851.0,4.2,56.0,7.5,2.3,81.9,27.1,0.8,0.2,1.8,1.4,1.0,60.76,31.81
19.0,0,1.84,23.3,79.28,4.6,5.4,7.6,5.3,7.2,4811.0,1.9,27.0,7.1,3.7,95.1,35.9,2.2,1.3,3.2,0.6,11.0,54.72,15.8
20.0,1,1.68,33.41,94.58,6.4,5.3,4.4,5.2,7.4,7351.0,3.7,58.0,4.8,5.1,102.5,27.4,5.4,0.6,3.6,0.4,3.0,66.7,53.5
57.0,1,1.63,28.42,75.72,5.9,5.3,7.5,3.7,5.8,9693.0,3.1,96.0,6.2,4.6,129.2,21.0,1.1,2.4,2.9,2.4,13.0,80.79,40.0
35.0,1,1.65,27.5,74.67,6.3,5.9,7.6,5.3,7.3,5813.0,3.2,40.0,7.1,3.5,56.8,25.6,2.0,1.9,2.3,1.5,15.0,80.18,31.44
24.0,0,1.61,18.15,47.22,6.6,7.4,4.9,2.8,3.7,5628.0,3.6,28.0,3.7,6.8,106.5,33.3,5.0,1.4,1.8,1.9,12.0,65.61,62.05
43.0,0,1.64,11.39,30.54,7.3,5.5,3.9,3.3,6.4,8063.0,2.2,66.0,8.5,2.9,104.9,9.1,3.9,0.7,1.5,2.8,20.0,78.42,51.77
54.0,1,1.67,27.18,75.83,7.0,5.5,3.8,1.0,3.3,8018.0,5.0,63.0,8.9,0.0,87.3,22.7,9.0,1.9,1.6,2.6,6.0,87.46,71.47
28.0,0,1.59,27.21,68.58,7.0,7.0,4.4,2.0,4.4,4039.0,1.0,0.0,4.6,5.0,105.7,36.1,8.7,2.2,1.7,0.1,22.0,64.84,70.93
47.0,0,1.7,21.52,62.28,5.0,3.9,6.6,6.7,7.9,5457.0,2.5,32.0,6.4,5.4,108.7,20.9,3.3,1.6,3.3,3.2,9.0,46.31,26.3
22.0,0,1.77,23.45,73.65,5.2,4.4,6.6,6.5,8.0,6206.0,1.9,20.0,7.3,2.5,62.4,37.4,6.1,3.1,3.1,1.5,10.0,57.49,44.36
20.0,1,1.63,26.09,69.09,5.4,5.5,6.2,4.1,5.9,7083.0,2.9,44.0,4.9,2.3,125.0,36.3,6.5,2.0,2.4,1.0,16.0,64.53,45.18
43.0,1,1.82,26.2,86.92,6.3,5.4,5.3,6.5,7.0,5987.0,3.2,29.0,7.0,2.8,58.8,24.5,3.8,2.4,1.4,1.5,0.0,73.95,48.04
43.0,0,1.74,23.52,71.29,7.2,5.7,3.3,3.8,4.1,6654.0,4.1,36.0,6.3,3.8,67.3,20.5,2.0,1.6,2.5,1.9,16.0,74.27,56.16
48.0,0,1.78,18.51,58.8,7.0,6.9,4.7,3.6,5.0,4700.0,1.8,10.0,3.1,4.3,84.8,22.7,5.0,2.2,1.9,0.3,14.0,73.45,60.39
52.0,0,1.65,31.27,84.85,6.5,6.1,5.3,4.1,6.6,7132.0,3.3,41.0,6.9,4.4,128.5,46.3,4.7,0.7,0.7,1.1,6.0,60.75,40.81
64.0,1,1.77,21.34,66.74,7.7,6.7,6.8,3.8,5.2,8887.0,1.5,81.0,3.8,5.5,83.8,40.0,4.1,1.0,2.2,0.8,1.0,76.23,52.44
42.0,1,1.61,29.95,77.9,7.0,6.1,3.5,3.7,4.7,4751.0,3.4,12.0,7.9,2.5,89.4,26.0,5.9,1.8,1.5,0.9,1.0,74.66,58.58
33.0,0,1.77,20.03,62.84,6.4,5.6,6.0,5.7,6.9,4318.0,1.0,0.0,4.7,5.1,118.6,20.1,3.5,1.8,1.5,0.2,39.0,65.72,53.23
55.0,0,1.71,20.52,60.25,5.9,6.0,7.3,4.2,5.8,6643.0,4.9,31.0,5.7,3.0,84.0,25.9,2.7,2.0,1.8,0.3,18.0,71.04,36.65
31.0,0,1.74,23.42,71.26,5.8,5.4,5.9,5.1,6.7,6700.0,1.5,32.0,8.7,0.2,66.4,27.0,5.2,2.6,1.7,0.4,2.0,87.77,45.23
39.0,1,1.61,27.22,70.19,6.3,5.3,6.5,5.5,9.7,8322.0,4.4,67.0,7.0,2.1,81.7,15.1,5.8,0.1,2.0,0.9,7.0,78.09,45.47
22.0,1,1.63,29.11,77.2,5.2,3.1,4.9,4.6,7.6,4258.0,1.0,0.0,3.8,7.2,117.4,25.6,2.6,0.5,2.0,4.5,13.0,25.8,38.92
19.0,0,1.75,21.6,65.97,7.4,7.0,3.1,2.5,5.6,5704.0,1.7,23.0,4.0,5.9,91.4,35.6,6.9,1.7,0.9,0.5,27.0,65.99,74.46
63.0,0,1.62,16.09,42.45,6.3,5.5,5.6,2.0,5.1,4493.0,1.0,0.0,4.8,4.7,128.6,10.6,1.5,0.8,2.9,1.1,1.0,59.97,40.7
57.0,0,1.74,21.05,63.51,5.9,4.5,7.8,4.2,5.2,8893.0,3.3,71.0,6.8,2.3,104.8,31.6,3.8,4.9,1.4,0.7,4.0,77.33,19.48
51.0,1,1.59,32.37,81.91,7.1,5.2,3.7,3.7,4.5,5689.0,1.8,30.0,6.7,4.5,77.1,36.0,4.5,2.0,1.4,3.1,33.0,57.28,67.2
37.0,0,1.77,20.97,65.54,6.6,6.1,3.8,4.1,5.0,6072.0,1.7,24.0,4.3,7.2,91.0,20.5,3.7,1.4,1.8,0.1,0.0,68.69,60.22
26.0,1,1.6,25.85,66.3,6.0,5.5,6.6,4.0,7.3,4171.0,1.0,0.0,3.7,7.5,72.9,38.6,3.9,1.0,1.9,0.4,3.0,49.33,37.98
25.0,1,1.74,27.87,84.8,6.4,5.9,4.9,7.9,9.3,4325.0,1.0,0.0,6.6,3.9,76.6,19.5,8.7,1.0,2.9,0.5,48.0,70.2,69.33
30.0,0,1.75,19.37,59.32,5.3,2.1,4.4,2.0,2.8,7607.0,3.0,49.0,5.6,4.7,179.6,28.5,3.3,1.5,2.2,9.9,14.0,29.38,48.13
44.0,0,1.64,17.33,46.86,6.9,5.3,5.8,1.0,2.6,4387.0,2.8,0.0,10.0,0.0,110.4,22.5,9.9,1.6,2.3,1.7,5.0,77.51,61.68
52.0,0,1.75,22.16,67.59,6.3,5.5,6.8,4.5,6.3,6527.0,4.8,34.0,6.1,3.7,107.2,22.5,5.9,1.0,2.2,0.3,1.0,72.94,40.54
49.0,1,1.72,21.19,62.74,7.9,7.7,4.1,3.4,5.7,9693.0,3.1,98.0,9.6,0.0,77.5,20.1,5.2,1.2,2.1,0.6,0.0,100.0,60.98
31.0,1,1.66,20.22,55.51,6.1,6.2,4.8,4.5,6.7,6249.0,3.8,25.0,3.7,4.5,121.4,30.6,6.0,2.8,2.2,0.4,4.0,72.56,61.89
63.0,1,1.62,25.69,67.37,6.9,6.7,3.5,4.9,6.0,4892.0,3.1,9.0,2.9,8.2,112.0,31.8,10.1,2.9,0.8,0.3,32.0,59.91,87.02
53.0,1,1.54,32.5,77.37,5.2,4.4,4.1,5.9,8.6,6061.0,1.9,33.0,3.8,5.5,127.6,24.5,3.0,1.8,1.9,3.2,8.0,31.16,41.64
44.0,0,1.73,23.4,69.86,7.4,6.9,4.9,1.7,3.1,4551.0,1.0,0.0,8.4,2.8,126.7,14.1,2.8,0.2,2.7,1.4,19.0,74.57,58.03
47.0,1,1.57,30.08,74.6,6.8,5.3,1.3,3.2,5.0,10036.0,2.3,79.0,9.5,1.4,60.4,28.2,3.5,2.0,4.4,2.0,38.0,81.56,74.54
38.0,1,1.71,33.33,97.2,5.8,5.4,7.3,4.6,7.3,6863.0,2.9,57.0,4.4,6.1,67.8,28.4,5.1,3.1,1.3,0.8,8.0,50.63,46.79
30.0,0,1.68,23.01,64.86,5.0,4.0,7.8,5.2,6.5,5061.0,3.3,24.0,5.1,5.5,69.9,23.3,1.5,2.9,2.3,1.6,3.0,45.98,6.72
35.0,1,1.75,24.1,74.18,5.7,4.9,6.8,7.3,8.7,5609.0,1.1,4.0,3.7,5.7,71.1,39.9,5.0,2.2,1.7,0.6,11.0,58.7,49.92
54.0,1,1.68,22.21,62.36,7.6,7.1,2.9,5.4,8.0,5796.0,1.4,26.0,2.4,9.5,96.5,12.5,8.4,2.9,3.2,0.7,36.0,62.44,83.8
19.0,1,1.67,20.46,57.3,6.8,6.3,4.5,3.9,5.1,5725.0,3.9,27.0,7.4,2.6,78.7,7.3,5.3,1.6,1.2,2.1,24.0,73.12,69.97
23.0,1,1.76,19.8,61.23,8.6,7.7,4.6,2.7,4.3,6783.0,2.3,47.0,6.4,3.9,131.5,19.2,4.4,2.1,2.4,0.3,1.0,84.14,59.21
20.0,1,1.73,21.07,62.82,6.4,6.4,3.5,3.2,5.7,8752.0,2.4,69.0,6.0,3.3,128.1,30.7,3.8,0.8,1.2,1.9,18.0,75.84,62.31
20.0,1,1.73,25.33,75.39,4.9,3.9,4.6,3.1,7.2,5582.0,3.2,5.0,3.2,5.9,89.9,16.6,6.8,1.8,1.8,3.8,13.0,29.61,55.37
58.0,0,1.74,34.86,105.24,5.9,5.2,5.9,5.0,7.6,6583.0,2.6,49.0,9.3,1.2,129.1,17.2,3.3,2.8,2.0,0.3,36.0,75.15,49.48
51.0,0,1.58,23.82,59.26,5.8,3.8,5.3,4.4,6.9,7129.0,3.4,53.0,5.0,5.2,119.8,32.6,8.7,0.9,2.6,4.6,2.0,62.26,48.94
40.0,1,1.76,20.57,63.75,5.9,6.2,6.2,2.0,4.5,4867.0,2.9,17.0,7.1,2.1,81.0,28.7,8.9,0.6,1.4,0.2,11.0,79.44,63.58
23.0,0,1.75,22.57,69.05,6.2,5.7,4.7,3.3,4.3,4541.0,3.2,3.0,3.1,5.5,49.8,28.0,5.5,1.6,2.4,0.9,32.0,58.14,64.75
41.0,0,1.62,28.98,75.94,6.0,5.5,6.8,5.3,7.4,6701.0,2.3,35.0,5.6,3.1,85.6,31.3,5.0,1.3,2.0,1.9,8.0,67.28,38.99
40.0,0,1.68,26.19,73.95,6.0,4.0,2.6,4.5,6.5,5288.0,3.2,8.0,6.6,4.6,77.1,21.6,7.1,2.1,2.2,1.6,10.0,60.93,70.94
26.0,0,1.7,31.0,89.26,6.0,5.9,5.2,4.9,7.2,7398.0,4.1,50.0,6.7,2.7,94.1,22.0,7.2,1.0,2.6,0.2,1.0,77.65,48.36
38.0,1,1.69,11.78,33.6,5.6,4.2,4.5,4.6,6.7,5398.0,2.4,2.0,6.3,3.4,91.8,31.5,3.4,3.2,1.2,3.2,5.0,53.9,49.86
37.0,1,1.73,11.47,34.2,4.5,1.7,6.3,6.4,8.8,6644.0,3.9,49.0,7.0,4.5,91.3,14.2,3.9,0.2,2.5,7.2,6.0,40.4,21.77
47.0,0,1.81,19.0,62.56,7.6,6.9,3.1,4.4,6.0,5763.0,2.9,36.0,3.7,5.1,100.5,7.9,2.4,2.8,1.7,0.4,44.0,74.35,70.66
48.0,0,1.79,27.09,86.46,5.3,4.5,4.7,3.4,5.5,5866.0,3.7,19.0,6.4,2.9,65.7,21.5,5.8,0.7,2.7,4.5,5.0,45.87,54.01
20.0,0,1.6,18.28,46.52,6.1,6.6,5.9,2.6,3.4,5871.0,3.1,30.0,6.2,3.0,98.2,32.4,6.3,0.0,2.2,1.6,9.0,72.68,56.0
36.0,1,1.75,8.13,24.89,5.9,4.2,6.2,4.4,6.1,7208.0,3.0,65.0,6.5,5.2,81.2,27.0,2.3,1.7,1.9,5.5,17.0,65.18,42.17
47.0,1,1.81,24.08,78.57,6.6,5.8,6.7,0.5,3.9,3842.0,1.0,0.0,6.1,5.8,94.0,31.9,4.1,1.2,1.6,0.4,3.0,64.42,36.55
42.0,0,1.73,24.58,73.65,7.1,5.3,3.5,3.7,6.0,5672.0,4.2,26.0,3.5,7.3,109.1,8.9,2.3,0.4,2.5,3.1,10.0,57.9,54.48
58.0,1,1.79,16.79,53.65,6.7,6.8,5.1,3.7,5.7,4407.0,3.2,12.0,3.4,7.4,65.5,27.5,3.2,0.0,2.8,0.1,20.0,69.92,51.72
49.0,1,1.86,15.94,55.22,5.8,3.8,5.5,2.0,5.8,5466.0,3.5,33.0,1.6,7.8,84.4,30.2,6.1,1.5,1.7,4.3,30.0,44.76,46.8
26.0,1,1.78,17.46,55.45,6.3,5.6,6.8,2.6,3.2,4549.0,2.6,11.0,7.6,4.3,87.6,14.2,3.5,2.5,1.3,2.2,15.0,62.5,58.34
21.0,1,1.72,24.22,71.66,6.6,6.1,2.8,5.2,6.1,3468.0,1.0,0.0,7.7,2.6,79.7,31.9,4.4,2.1,2.4,0.9,17.0,72.94,70.01
48.0,0,1.78,19.05,60.61,5.5,5.3,6.4,4.3,8.1,4346.0,3.6,0.0,7.7,3.2,108.0,24.1,1.7,1.6,1.1,0.4,2.0,53.87,35.73
19.0,1,1.71,26.42,77.41,5.6,3.6,5.2,4.2,6.2,8058.0,3.1,84.0,6.6,3.3,75.6,49.6,5.4,2.0,1.2,3.4,44.0,75.45,63.1
46.0,0,1.7,9.38,27.18,6.7,5.6,5.5,4.5,6.2,6531.0,2.9,41.0,1.7,8.0,78.9,7.6,4.9,1.5,1.4,1.8,2.0,55.04,50.04
62.0,1,1.67,20.44,57.15,7.3,5.9,3.3,4.1,4.9,6947.0,4.0,45.0,3.9,7.7,75.8,36.0,3.5,0.1,1.8,0.9,22.0,63.32,59.0
45.0,1,1.83,15.94,53.11,6.7,5.7,4.0,5.9,8.3,5664.0,2.4,28.0,6.3,4.2,111.8,21.8,4.6,0.1,1.2,1.2,5.0,65.13,49.52
36.0,1,1.63,24.76,66.15,5.1,4.5,2.5,4.2,6.7,6855.0,1.2,38.0,6.3,5.2,80.2,12.1,5.4,1.3,0.8,3.5,41.0,47.34,67.34
48.0,1,1.82,18.64,61.93,7.8,7.6,1.7,1.8,2.7,5043.0,3.1,29.0,5.6,4.7,99.2,20.8,3.4,1.3,1.3,0.8,19.0,83.61,78.19
40.0,0,1.74,27.07,81.97,5.7,5.6,6.1,6.4,8.3,6564.0,4.2,49.0,6.7,2.4,129.5,27.2,2.0,2.4,2.4,0.2,21.0,80.24,39.85
44.0,1,1.59,16.7,42.11,6.1,4.2,6.3,4.6,6.2,5960.0,4.6,35.0,6.0,3.4,88.5,33.3,8.6,2.3,1.2,4.8,4.0,60.67,45.85
62.0,1,1.73,23.63,70.68,6.9,7.1,3.5,3.1,5.4,4524.0,2.9,3.0,6.2,3.9,112.2,38.8,3.7,2.1,1.8,1.0,9.0,68.42,68.63
36.0,1,1.53,33.39,78.38,7.1,6.2,4.6,2.1,3.0,5813.0,3.0,28.0,4.7,4.7,123.4,36.4,4.8,1.2,3.2,0.9,14.0,57.39,64.03
63.0,0,1.75,31.95,97.85,5.5,4.7,6.1,4.6,7.8,5072.0,1.0,0.0,8.0,0.9,110.5,17.3,7.0,0.1,2.0,0.5,22.0,47.92,45.99
61.0,0,1.77,20.02,62.77,6.1,4.9,4.5,3.8,6.7,6499.0,2.7,48.0,5.1,6.1,89.7,34.0,12.1,1.9,2.2,4.6,2.0,60.9,60.95
27.0,0,1.65,27.41,74.87,6.2,6.1,2.0,6.4,8.0,3303.0,1.0,0.0,3.3,6.1,102.8,28.1,2.5,2.0,1.4,0.5,49.0,50.43,72.35
21.0,1,1.71,14.69,42.94,6.5,5.3,4.3,3.5,5.3,6903.0,2.9,33.0,4.5,5.7,64.3,19.8,5.9,0.0,3.3,2.0,33.0,70.45,56.31
23.0,1,1.86,9.9,34.12,5.3,4.0,5.3,2.7,4.6,3285.0,1.0,0.0,5.3,5.0,74.4,23.3,3.6,0.7,1.7,4.3,5.0,36.33,43.59
19.0,0,1.66,30.02,82.67,7.7,7.3,4.7,5.3,6.6,5588.0,3.7,21.0,8.0,1.4,77.9,19.3,3.9,0.8,1.9,0.1,26.0,73.83,65.95
22.0,1,1.62,26.8,69.92,6.8,5.5,5.0,5.4,6.9,6651.0,3.8,52.0,5.9,5.5,134.8,25.3,3.6,1.6,2.8,3.5,11.0,67.6,59.26
50.0,1,1.82,26.51,87.68,7.2,6.7,5.9,4.3,6.0,7661.0,2.8,78.0,5.6,3.3,73.7,19.2,2.7,0.7,1.9,1.1,9.0,84.99,43.12
21.0,1,1.86,14.32,49.4,4.3,3.5,7.1,5.0,8.6,3813.0,1.0,0.0,3.5,6.8,73.5,16.8,4.9,1.5,2.0,2.1,6.0,33.52,35.53
33.0,1,1.7,26.91,77.8,5.9,5.7,9.6,3.9,6.9,7755.0,3.5,55.0,7.6,2.7,69.1,28.8,2.1,1.3,1.8,0.9,13.0,82.18,4.14
58.0,1,1.78,30.91,98.03,6.0,5.1,5.0,4.4,7.3,4826.0,3.2,24.0,4.7,5.2,101.2,30.0,6.9,1.3,1.8,2.4,20.0,53.75,52.32
19.0,1,1.81,23.36,76.3,5.9,5.3,8.3,5.7,8.1,5183.0,2.2,15.0,5.8,2.9,92.9,23.5,5.1,0.8,2.2,0.6,8.0,73.2,8.66
56.0,0,1.64,27.55,74.15,7.0,6.5,5.4,4.9,5.8,7805.0,2.9,57.0,9.0,1.9,111.7,35.9,5.8,0.9,2.3,0.0,15.0,96.47,58.19
31.0,1,1.66,25.41,70.13,5.5,3.6,4.8,3.7,5.7,5058.0,3.1,28.0,7.0,3.7,103.4,22.9,4.1,0.4,1.6,5.9,18.0,53.81,42.9
24.0,1,1.8,14.36,46.44,6.3,5.3,6.1,6.0,9.0,7141.0,2.2,54.0,2.7,6.6,62.4,22.6,4.3,1.9,1.5,0.0,19.0,63.61,42.82
51.0,1,1.83,26.83,90.33,6.2,4.6,2.4,0.5,1.2,5416.0,2.7,10.0,2.5,8.2,73.9,30.3,5.6,2.1,1.6,3.5,1.0,45.9,67.34
48.0,1,1.75,19.98,60.84,5.1,5.0,6.4,7.1,9.7,5122.0,2.8,13.0,5.9,4.5,117.3,23.9,2.7,0.7,1.2,0.4,29.0,46.95,37.04
59.0,1,1.63,29.21,77.57,7.7,6.2,2.4,1.4,5.8,7977.0,3.1,68.0,3.6,5.1,85.9,25.7,4.3,3.0,1.0,1.0,9.0,69.93,66.22
53.0,0,1.86,13.47,46.55,7.1,5.3,4.7,3.1,6.1,9022.0,1.2,80.0,7.3,1.8,113.8,5.0,3.3,1.2,2.2,3.5,5.0,82.73,39.1
56.0,0,1.66,19.04,52.31,5.7,6.6,6.5,3.9,7.4,5512.0,2.9,31.0,6.1,5.1,87.0,25.1,3.2,3.0,2.6,0.5,4.0,77.54,46.9
31.0,0,1.67,32.69,91.53,4.8,3.1,7.9,3.8,6.0,4557.0,1.0,0.0,6.3,4.0,70.6,10.4,0.8,0.9,2.5,4.0,10.0,31.73,2.51
26.0,0,1.73,21.71,64.79,4.8,4.2,6.5,5.5,8.5,6116.0,3.0,26.0,4.6,4.8,83.9,15.2,7.7,0.0,0.6,1.4,33.0,42.57,44.69
53.0,1,1.82,27.58,91.8,7.7,6.5,4.7,2.4,3.7,6258.0,4.0,37.0,9.5,0.0,70.6,14.3,3.6,1.9,1.9,0.9,7.0,88.95,60.69
56.0,1,1.77,22.01,68.83,6.6,5.6,4.9,4.4,7.2,5810.0,5.0,28.0,10.0,0.0,78.7,16.7,7.3,1.7,1.3,2.2,21.0,81.43,66.72
65.0,0,1.73,14.11,42.37,6.5,5.6,6.7,3.1,5.8,6001.0,3.7,42.0,5.4,4.1,94.0,20.6,7.1,1.5,2.1,0.8,2.0,72.31,48.51
37.0,0,1.74,27.63,83.38,6.7,6.0,4.1,4.4,6.7,4679.0,1.8,23.0,6.7,2.4,100.2,21.1,2.4,0.9,1.7,0.9,10.0,71.63,57.49
35.0,1,1.7,21.07,61.15,7.2,5.6,4.2,3.9,7.2,7517.0,2.7,62.0,6.2,2.1,58.2,30.3,2.8,1.5,2.4,2.6,60.0,75.13,75.47
54.0,0,1.74,26.44,80.48,6.6,6.6,2.3,4.1,5.6,4279.0,3.6,5.0,5.5,5.7,89.7,26.8,10.1,1.0,2.0,0.7,22.0,67.76,93.17
34.0,1,1.5,31.38,70.38,6.7,6.3,4.4,3.2,5.0,8034.0,3.5,58.0,4.3,6.6,78.3,9.8,8.5,1.2,0.9,0.4,4.0,57.52,60.53
62.0,1,1.68,16.67,46.85,7.3,5.3,4.4,3.2,5.3,9423.0,4.0,83.0,3.8,4.9,77.0,25.7,4.9,2.3,1.4,3.3,10.0,63.82,53.88
58.0,1,1.72,24.51,72.46,6.1,5.3,6.0,4.4,5.4,4432.0,2.9,6.0,3.7,6.4,92.7,27.5,5.5,1.7,2.0,3.3,4.0,52.29,47.45
38.0,0,1.61,39.82,102.94,4.7,3.9,7.0,5.4,7.6,4595.0,1.0,0.0,6.8,2.3,79.0,22.4,3.7,2.1,2.1,1.4,8.0,42.6,35.37
53.0,0,1.73,25.83,77.39,6.6,5.1,5.0,3.1,3.4,6362.0,4.8,47.0,5.0,4.8,117.6,24.5,5.9,1.3,1.2,1.5,23.0,58.38,67.44
53.0,1,1.68,24.39,69.14,6.7,5.6,5.4,2.7,5.7,4539.0,1.0,0.0,1.0,8.7,113.8,26.5,3.6,1.2,1.1,2.4,22.0,42.36,55.17
23.0,1,1.84,25.43,86.13,5.8,6.2,7.0,4.9,7.0,4582.0,2.0,16.0,6.9,2.7,113.6,31.1,0.9,0.3,2.0,1.4,4.0,74.75,28.69
60.0,0,1.83,21.95,73.16,6.7,5.2,7.0,4.0,5.4,8462.0,4.5,64.0,5.9,6.1,80.1,12.4,2.4,1.1,1.2,1.1,38.0,65.7,44.33
42.0,1,1.66,26.46,73.14,4.8,1.2,3.0,5.2,6.4,7666.0,1.5,61.0,8.7,0.9,70.8,23.0,5.0,0.0,1.0,10.0,13.0,38.29,45.24
57.0,0,1.69,18.82,53.63,7.0,6.9,8.0,2.6,4.4,8310.0,1.0,88.0,6.7,2.4,91.6,37.1,2.7,0.9,1.7,0.3,7.0,87.57,35.14
33.0,1,1.69,25.61,73.51,6.2,5.1,4.3,1.3,4.0,6859.0,3.8,42.0,3.0,6.2,87.0,36.3,4.9,1.4,1.7,1.8,10.0,57.15,58.27
60.0,0,1.66,30.9,85.53,4.2,3.4,6.3,3.2,5.7,4405.0,1.0,0.0,1.5,9.5,77.8,31.8,2.9,2.1,1.5,4.3,14.0,6.98,34.0
36.0,1,1.72,19.52,57.46,7.0,5.5,4.5,2.9,4.1,6030.0,3.4,38.0,4.6,3.8,66.5,29.3,3.4,1.2,1.6,2.3,12.0,62.65,49.48
19.0,0,1.64,34.0,91.37,6.9,5.3,3.6,3.9,5.0,4909.0,1.7,18.0,4.7,4.5,89.2,38.2,6.7,1.8,2.0,4.3,10.0,44.22,61.06
61.0,0,1.61,26.49,68.62,6.2,6.6,5.8,3.0,5.7,5677.0,2.9,29.0,7.9,3.6,81.9,40.3,5.5,0.0,1.6,0.8,11.0,77.35,54.13
22.0,0,1.75,18.51,56.68,5.6,4.7,7.3,5.1,6.4,4814.0,2.7,30.0,6.0,4.3,103.8,24.0,5.0,1.4,2.0,0.6,3.0,75.07,39.16
33.0,0,1.75,27.73,84.96,6.6,5.7,4.8,3.6,5.6,3266.0,2.5,7.0,8.3,1.9,103.3,17.2,6.8,0.0,1.8,3.8,25.0,70.34,61.29
63.0,1,1.64,24.56,65.7,6.6,6.3,4.3,4.2,6.3,7341.0,4.4,45.0,3.4,8.8,112.0,22.8,6.0,0.3,2.1,1.0,12.0,66.73,63.22
63.0,1,1.77,25.93,81.39,4.5,3.1,10.0,4.2,6.5,3588.0,1.0,0.0,7.9,2.3,64.8,49.8,7.9,1.3,2.5,2.5,2.0,49.2,8.63
45.0,0,1.65,24.12,65.62,6.5,6.4,7.0,4.3,7.2,5493.0,3.3,9.0,7.4,1.8,98.0,12.4,4.1,2.8,2.5,0.3,22.0,75.53,51.15
48.0,0,1.72,23.35,69.1,6.1,5.1,5.0,4.0,4.7,6576.0,4.2,32.0,2.0,7.8,75.5,21.2,4.1,1.9,2.8,2.8,40.0,54.72,62.87
39.0,1,1.77,24.83,77.4,6.3,5.6,3.2,4.8,4.9,4784.0,1.0,0.0,8.6,0.2,65.6,13.7,2.4,1.5,2.5,1.6,44.0,78.94,69.41
32.0,1,1.7,25.81,74.36,7.7,7.1,4.2,2.8,4.2,7260.0,4.2,60.0,6.2,5.1,81.4,26.0,4.1,1.5,2.1,0.6,7.0,83.67,62.65
33.0,1,1.74,13.29,40.07,4.9,4.3,6.1,6.1,9.9,3196.0,1.0,0.0,6.8,3.8,111.4,15.4,6.9,0.8,1.7,1.4,2.0,47.16,30.39
50.0,0,1.66,19.33,53.18,5.6,4.8,6.9,3.6,7.7,6539.0,3.4,51.0,4.3,6.9,82.6,24.1,7.6,1.0,1.8,2.4,11.0,63.25,49.39
53.0,0,1.68,29.59,83.94,6.0,5.9,3.8,2.0,5.9,3777.0,1.0,0.0,8.6,2.7,121.3,9.4,6.9,1.9,1.5,0.0,2.0,81.15,64.64
55.0,1,1.68,24.0,68.02,6.8,6.2,2.9,4.3,6.1,4436.0,3.6,27.0,3.6,6.0,101.0,29.9,1.4,0.1,2.0,2.0,41.0,64.85,59.98
55.0,0,1.64,23.1,62.14,7.0,5.4,5.1,2.7,2.9,6784.0,2.6,50.0,7.7,1.4,82.1,34.8,7.2,2.1,2.4,1.6,3.0,80.21,66.56
22.0,1,1.69,17.46,49.62,7.6,7.6,6.4,5.0,4.7,9789.0,1.7,98.0,7.6,2.3,113.2,21.9,1.3,1.1,1.6,0.5,4.0,96.02,44.5
41.0,0,1.58,21.66,53.8,6.3,4.6,4.7,7.3,8.7,5698.0,4.0,39.0,4.1,5.1,98.9,23.9,6.8,2.3,2.0,2.8,8.0,57.33,52.07
21.0,1,1.66,14.38,39.67,7.1,6.8,3.5,2.8,4.6,3480.0,1.0,0.0,10.0,0.2,71.3,23.7,4.3,2.5,1.6,0.7,7.0,88.84,70.71
44.0,0,1.68,24.34,68.48,6.2,5.8,7.0,4.5,7.8,7463.0,3.3,60.0,6.5,4.7,127.2,26.4,6.4,0.0,2.1,0.6,24.0,83.1,47.91
39.0,1,1.68,21.63,61.02,6.4,5.1,5.9,1.4,4.2,5755.0,2.5,26.0,7.3,2.5,95.2,24.7,2.3,0.9,1.7,1.3,9.0,72.34,49.51
60.0,0,1.68,19.65,55.5,6.9,6.1,3.4,4.7,6.9,5970.0,1.4,40.0,2.9,7.2,90.4,31.1,7.3,0.6,1.6,2.3,3.0,66.52,60.94
34.0,1,1.7,24.01,68.98,6.0,3.7,3.5,2.7,3.8,7425.0,3.1,55.0,10.0,0.0,72.9,34.9,2.1,0.0,1.6,5.3,5.0,76.61,53.71
24.0,0,1.74,24.97,75.46,5.5,5.9,4.4,3.1,4.1,4068.0,1.0,0.0,3.6,7.3,113.6,18.5,3.7,0.5,2.3,0.3,11.0,56.56,52.87
25.0,1,1.77,32.37,101.4,6.7,5.7,6.8,2.3,4.6,5024.0,1.5,17.0,8.0,1.3,100.3,22.5,3.0,3.9,1.9,1.0,2.0,69.12,52.42
54.0,1,1.65,17.42,47.32,6.0,5.0,7.2,5.1,7.8,4770.0,3.0,18.0,4.0,3.8,102.6,32.2,1.5,2.1,1.7,0.1,14.0,65.46,25.78
47.0,1,1.6,33.98,87.39,5.3,5.2,7.4,5.5,7.9,6444.0,2.2,52.0,4.8,5.7,79.8,13.6,5.2,3.4,2.2,2.8,13.0,43.06,39.57
23.0,1,1.62,32.37,84.6,8.1,7.2,1.6,4.0,5.0,7765.0,3.3,49.0,7.6,3.4,106.7,9.2,8.6,2.3,1.8,1.2,19.0,68.51,89.36
22.0,1,1.66,21.14,58.31,6.1,5.6,2.8,2.7,5.4,4315.0,1.0,0.0,8.1,2.4,108.2,26.8,10.3,0.8,2.7,2.5,42.0,67.37,82.11
51.0,1,1.67,26.13,73.05,5.6,4.8,6.9,6.4,8.8,8645.0,2.4,69.0,3.5,5.9,76.6,29.0,5.2,1.1,1.4,0.8,36.0,72.15,45.89
21.0,0,1.64,23.52,63.14,6.1,3.8,4.5,2.9,3.8,6927.0,1.3,49.0,8.2,0.7,61.7,19.2,7.2,2.1,1.9,3.7,44.0,78.18,69.43
57.0,1,1.6,28.56,72.79,7.0,7.0,4.8,0.8,2.0,3918.0,1.0,0.0,8.1,2.4,101.6,20.4,5.5,1.9,1.2,1.5,4.0,76.95,60.98
51.0,0,1.66,33.48,92.64,3.2,1.8,9.4,4.7,7.4,5014.0,2.2,13.0,4.1,6.0,58.5,18.9,6.0,0.9,1.8,5.8,2.0,21.07,0.0
22.0,0,1.71,26.9,79.08,6.6,6.5,6.0,2.3,4.1,6924.0,1.8,64.0,9.2,0.7,93.0,18.1,4.3,0.0,1.0,0.2,5.0,93.01,50.64
22.0,0,1.75,25.42,77.63,5.4,5.2,6.5,5.5,9.1,3443.0,1.0,0.0,3.1,8.7,81.1,30.5,5.4,4.8,2.4,1.4,34.0,37.16,53.06
64.0,0,1.66,23.19,63.55,6.5,5.2,2.9,3.4,5.9,8427.0,1.9,80.0,4.8,4.3,114.4,15.6,6.1,1.4,2.5,2.9,54.0,70.96,82.22
36.0,1,1.67,17.18,47.74,6.0,5.3,3.5,4.9,6.4,3773.0,1.0,0.0,7.0,4.8,82.1,22.9,3.8,1.2,2.5,1.8,29.0,62.22,61.31
35.0,1,1.63,25.3,66.87,5.0,5.8,5.1,6.1,8.1,4229.0,3.2,11.0,4.3,5.7,112.1,17.8,4.8,1.6,2.0,0.0,2.0,42.57,51.71
56.0,1,1.7,30.57,88.1,5.9,3.5,3.4,2.2,4.3,4166.0,1.0,0.0,6.5,1.6,79.7,13.4,4.9,1.3,1.5,7.2,44.0,38.86,68.21
63.0,1,1.63,17.68,47.09,7.1,6.9,4.3,3.2,4.4,8707.0,3.4,78.0,6.5,3.3,110.0,32.0,6.7,1.6,1.5,0.7,8.0,79.68,64.97
64.0,0,1.75,17.77,54.17,6.5,5.0,3.3,3.9,5.0,6122.0,1.6,24.0,5.6,5.3,131.2,20.8,2.9,2.8,2.9,0.6,0.0,71.06,48.95
53.0,0,1.56,29.65,71.89,5.1,5.2,4.7,6.3,9.0,5274.0,1.9,1.0,7.7,2.0,68.6,26.5,4.9,1.4,2.9,1.3,9.0,57.35,53.27
36.0,0,1.67,19.77,55.23,6.5,4.9,4.5,3.0,5.9,6332.0,2.9,49.0,5.5,3.0,95.8,12.9,8.8,0.3,2.1,1.6,1.0,66.28,53.0
22.0,0,1.72,19.55,58.11,5.4,4.9,5.8,3.1,5.7,7274.0,3.7,53.0,6.5,3.4,145.0,19.1,7.3,1.3,1.7,2.9,12.0,55.31,52.05
55.0,0,1.71,21.65,63.65,7.2,6.6,5.6,4.7,8.2,7303.0,3.9,54.0,8.3,0.8,91.3,31.0,7.7,1.0,2.8,1.0,6.0,95.53,54.42
44.0,0,1.92,13.5,49.52,5.5,5.0,4.8,3.1,4.6,5631.0,4.6,27.0,7.6,2.9,91.2,45.7,5.0,2.9,1.6,1.2,10.0,56.66,57.65
38.0,1,1.73,18.55,55.39,6.2,5.5,4.0,4.2,7.9,6130.0,2.6,45.0,7.6,3.2,105.8,9.2,5.6,2.7,2.1,1.5,14.0,73.86,63.79
61.0,1,1.62,30.71,80.55,7.2,6.4,2.9,1.7,2.8,3818.0,2.9,5.0,3.7,5.2,90.8,23.4,7.0,1.6,2.8,1.0,30.0,47.83,81.29
23.0,1,1.69,17.59,50.39,4.9,3.1,7.0,7.3,8.3,8991.0,2.0,81.0,7.0,2.2,55.9,28.3,8.1,0.2,1.5,4.9,16.0,49.04,37.66
41.0,1,1.56,18.97,46.03,6.9,5.3,5.3,2.0,2.2,7657.0,1.7,69.0,4.2,6.5,112.6,20.1,1.1,0.3,2.5,3.8,9.0,67.25,50.83
19.0,1,1.69,21.11,60.55,7.2,7.5,2.5,3.5,5.1,8429.0,3.2,72.0,3.4,5.7,49.9,31.8,2.4,1.5,2.3,1.2,26.0,76.2,75.24
40.0,0,1.63,30.35,80.98,8.6,8.5,1.5,4.0,5.4,6931.0,2.2,51.0,5.9,3.1,81.7,18.1,7.6,1.8,2.0,0.0,35.0,75.77,91.67
21.0,1,1.77,21.32,67.05,4.1,2.5,7.7,6.9,9.4,6780.0,4.2,45.0,4.2,4.6,114.1,26.2,4.4,1.1,1.4,4.6,2.0,35.18,0.0
24.0,1,1.66,22.98,63.03,5.5,5.4,4.6,2.0,4.3,3523.0,1.0,0.0,7.6,2.8,82.9,20.8,3.7,1.0,1.6,0.3,11.0,54.48,51.22
24.0,0,1.69,24.72,70.67,5.5,5.3,6.5,7.0,7.8,7142.0,3.5,51.0,7.6,2.7,76.1,34.8,2.5,0.9,2.2,0.6,5.0,61.74,35.68
49.0,0,1.65,16.11,43.81,6.7,6.2,5.3,5.1,6.7,5830.0,2.0,38.0,2.2,7.1,107.6,19.6,3.9,1.5,1.1,0.3,1.0,62.36,43.63
53.0,1,1.84,22.89,77.42,6.5,5.6,6.4,4.6,6.3,8291.0,2.2,70.0,4.3,5.7,73.0,22.2,2.2,0.0,2.1,0.4,17.0,70.15,41.33
45.0,0,1.67,27.02,75.75,8.0,6.6,2.0,2.5,2.7,8577.0,3.5,65.0,3.1,8.4,65.6,32.6,9.2,0.4,2.3,3.2,30.0,62.24,87.39
63.0,1,1.85,18.73,63.86,6.7,6.3,5.4,4.9,5.9,7178.0,2.3,51.0,5.1,4.0,95.5,16.8,5.0,0.9,2.6,1.7,3.0,77.9,41.26
36.0,1,1.77,27.31,85.09,5.6,3.2,2.7,2.9,4.1,4161.0,1.0,0.0,6.9,1.1,86.3,25.6,4.9,2.7,1.2,6.3,25.0,52.69,59.8
31.0,0,1.74,17.56,53.09,5.4,6.2,6.5,5.9,9.3,6168.0,2.2,29.0,5.5,4.9,65.1,10.4,6.2,0.7,2.8,0.5,29.0,59.53,39.07
59.0,0,1.73,29.06,86.92,6.8,6.8,2.9,2.5,4.7,4651.0,4.8,23.0,4.8,5.1,102.7,16.3,6.9,1.7,3.0,1.3,37.0,76.88,80.84
29.0,0,1.73,24.12,72.32,5.8,3.6,6.2,3.8,6.5,7264.0,2.4,40.0,8.6,0.7,99.3,28.1,6.9,1.7,2.2,7.6,5.0,64.22,47.77
63.0,0,1.55,27.18,64.95,7.6,5.4,1.1,3.2,3.7,5289.0,3.1,30.0,1.4,9.3,82.8,17.1,7.1,2.8,1.4,3.5,35.0,47.04,81.31
19.0,0,1.68,24.76,69.7,6.2,5.4,8.3,2.5,5.7,5650.0,2.8,20.0,8.5,2.4,84.2,20.6,3.7,2.8,1.8,2.6,6.0,71.16,32.46
64.0,1,1.77,21.89,68.39,6.0,5.8,8.0,5.1,8.4,6945.0,3.2,43.0,4.9,2.9,99.4,28.9,4.4,1.4,2.0,0.4,12.0,73.33,36.63
20.0,0,1.7,30.7,88.3,6.7,5.8,2.2,4.8,4.8,4303.0,2.4,13.0,5.8,3.5,113.8,20.4,6.5,1.0,2.2,2.9,1.0,51.65,64.02
60.0,1,1.59,21.37,53.85,5.9,6.2,5.1,5.8,7.1,6810.0,2.8,38.0,4.9,7.4,84.3,31.6,3.9,0.8,2.0,0.9,1.0,67.77,43.64
43.0,0,1.7,20.36,58.56,6.5,5.7,4.9,1.3,3.8,4249.0,1.0,0.0,9.1,1.5,103.1,26.7,5.0,1.3,2.2,1.5,19.0,75.27,62.36
65.0,1,1.84,25.37,85.54,6.0,6.3,3.9,5.6,8.2,5680.0,2.1,12.0,3.5,7.1,101.3,28.5,5.8,1.1,1.9,1.9,9.0,58.98,56.45
21.0,0,1.8,18.85,61.07,5.7,5.2,6.0,7.8,9.1,7259.0,4.1,53.0,6.0,5.1,107.6,34.9,6.6,2.1,2.2,1.9,4.0,71.32,40.38
44.0,0,1.7,29.06,83.51,5.4,4.4,6.7,3.3,5.0,3946.0,1.0,0.0,7.1,3.0,90.8,27.6,1.4,1.9,1.7,2.6,3.0,49.02,27.19
64.0,1,1.78,30.27,95.49,5.1,5.6,5.1,6.8,8.2,7175.0,3.6,57.0,2.8,8.0,71.8,37.3,6.4,2.1,1.8,2.2,17.0,36.22,65.36
43.0,1,1.67,22.92,63.97,7.2,7.1,6.6,3.6,5.7,6788.0,3.1,61.0,4.2,6.6,80.8,32.3,4.5,2.8,1.7,0.1,0.0,73.88,55.72
48.0,0,1.56,32.81,80.22,6.9,5.9,3.0,1.9,5.1,4799.0,1.0,16.0,5.7,4.8,96.9,20.8,6.4,3.4,3.2,1.2,25.0,56.13,74.63
51.0,1,1.63,19.93,52.69,7.5,6.4,1.7,3.5,4.8,11757.0,3.4,132.0,4.2,5.5,126.4,35.3,6.6,1.6,2.9,2.2,1.0,82.58,74.76
39.0,0,1.83,24.42,81.32,6.2,6.1,7.2,5.6,8.6,8200.0,2.6,68.0,4.4,5.8,80.3,27.1,8.2,2.6,2.3,0.7,3.0,79.4,46.37
47.0,0,1.68,25.92,72.99,5.9,5.5,5.7,2.7,4.0,3590.0,2.8,5.0,5.3,4.1,106.1,21.8,7.7,1.1,2.8,0.8,7.0,63.79,59.24
45.0,0,1.68,27.3,77.1,6.6,6.3,8.0,3.1,4.3,6964.0,1.1,51.0,7.3,2.7,83.4,27.2,7.7,2.7,2.5,0.3,10.0,81.27,49.92
60.0,0,1.68,21.47,60.32,7.5,6.2,2.1,4.9,7.7,6855.0,3.5,43.0,5.3,3.5,92.2,33.9,7.9,2.6,2.1,1.1,7.0,73.44,71.56
20.0,1,1.85,13.14,45.08,4.6,1.3,6.8,4.0,6.9,4824.0,1.6,8.0,8.2,1.1,120.3,28.6,5.6,2.5,1.1,8.7,6.0,29.16,33.16
31.0,0,1.83,23.15,77.55,7.0,6.4,1.0,4.9,7.7,3724.0,3.1,11.0,4.0,5.7,105.3,39.6,5.1,1.6,1.8,0.7,50.0,68.2,90.53
63.0,0,1.88,11.08,39.05,6.1,5.5,7.0,4.4,5.0,8001.0,3.9,61.0,3.5,5.6,65.2,33.7,6.7,0.8,1.8,1.5,15.0,66.84,52.74
60.0,1,1.69,22.92,65.24,5.3,4.7,6.3,4.7,6.3,4745.0,2.5,14.0,9.9,0.0,78.6,29.2,6.5,0.1,1.3,2.7,0.0,66.71,46.8
39.0,1,1.72,28.31,84.12,6.5,5.9,4.1,3.4,6.2,5929.0,4.2,34.0,4.7,5.2,115.1,16.8,4.4,1.5,1.1,0.0,8.0,68.47,55.83
47.0,0,1.58,29.24,72.88,5.3,3.2,5.4,4.3,6.4,3216.0,2.3,7.0,3.4,7.0,92.8,23.6,5.8,3.0,2.3,4.6,31.0,33.72,52.07
31.0,1,1.82,30.02,99.23,6.7,5.6,4.0,2.6,3.5,4747.0,1.0,0.0,2.5,8.4,67.0,25.6,4.9,1.2,2.2,1.0,5.0,44.19,52.38
27.0,0,1.61,33.08,85.38,4.3,3.8,7.2,5.9,8.4,4792.0,1.7,12.0,8.2,1.4,73.6,30.6,3.3,2.3,1.3,4.1,1.0,38.41,29.93
40.0,1,1.72,20.41,60.19,6.7,6.0,4.0,3.0,4.3,6150.0,4.0,49.0,5.3,6.0,104.1,30.1,7.6,2.3,1.6,0.1,21.0,77.11,74.26
35.0,1,1.61,27.09,70.41,4.8,4.5,8.7,5.7,9.5,4188.0,1.0,0.0,5.5,5.4,109.9,26.4,5.1,1.2,2.7,0.3,14.0,49.46,7.84
45.0,1,1.65,25.36,69.29,5.5,5.0,7.4,3.6,7.2,6011.0,3.5,31.0,5.7,4.8,90.4,26.0,9.1,2.8,1.5,0.8,13.0,53.58,47.83
22.0,0,1.63,17.35,46.27,5.4,4.7,5.8,4.3,6.9,5274.0,2.6,11.0,8.0,2.1,139.5,30.8,1.7,0.0,2.1,0.8,1.0,63.77,38.94
64.0,0,1.65,20.5,55.89,6.0,4.3,7.7,3.3,6.6,8148.0,1.6,72.0,5.6,4.7,106.5,18.1,3.9,0.3,1.9,3.8,2.0,66.24,12.08
64.0,0,1.66,22.43,61.59,8.6,7.5,5.2,2.5,4.5,11385.0,2.6,123.0,10.0,1.2,85.1,38.6,5.1,0.6,2.3,0.0,15.0,100.0,67.1
51.0,0,1.66,14.39,39.46,7.6,7.2,2.5,1.4,4.1,5432.0,4.1,29.0,6.3,5.0,73.7,8.6,7.3,0.7,1.5,2.0,3.0,69.33,70.82
43.0,0,1.77,22.66,70.71,6.2,6.2,4.0,2.4,5.9,4299.0,1.0,0.0,8.1,3.2,70.5,36.6,5.8,1.8,2.1,0.3,11.0,78.85,60.3
33.0,1,1.61,25.51,66.26,5.1,4.7,8.5,3.5,5.8,5497.0,1.4,31.0,7.6,2.4,96.7,24.6,5.6,1.8,2.1,3.5,12.0,58.49,22.54
56.0,0,1.72,15.22,44.91,6.4,5.9,6.6,4.3,6.1,5097.0,1.9,26.0,5.9,4.6,80.2,33.0,2.7,1.9,2.1,3.0,5.0,64.49,42.71
50.0,0,1.8,23.54,76.06,6.3,4.5,5.5,5.5,5.8,9557.0,4.3,93.0,4.8,6.5,123.5,27.9,2.7,2.1,2.0,1.4,44.0,66.18,52.89
26.0,1,1.66,29.34,80.74,7.9,7.4,3.7,3.3,5.2,8638.0,3.5,88.0,6.7,2.7,119.3,27.8,5.6,0.5,2.2,0.5,28.0,91.76,69.85
61.0,0,1.64,27.21,73.41,6.1,5.0,4.4,2.7,5.5,8528.0,1.8,62.0,7.0,2.7,102.7,29.4,2.3,0.3,3.3,2.0,19.0,76.9,50.0
57.0,1,1.68,23.04,65.14,7.3,7.3,5.6,1.8,4.8,5932.0,1.2,16.0,4.9,5.2,66.4,31.5,3.9,1.9,3.5,0.3,1.0,72.03,59.12
63.0,0,1.79,24.5,78.87,6.3,5.5,5.5,4.7,7.2,7035.0,2.4,54.0,6.3,4.6,76.6,22.4,6.0,0.9,1.6,0.4,2.0,72.52,47.46
52.0,0,1.72,27.25,80.2,7.6,5.9,3.9,6.1,7.5,6015.0,1.1,45.0,8.5,2.4,115.1,33.3,3.0,0.0,0.6,2.0,10.0,72.56,54.19
47.0,0,1.66,27.16,74.61,6.2,2.4,3.5,5.9,5.9,6883.0,2.8,45.0,10.0,0.0,78.7,16.3,8.2,2.5,2.4,9.5,3.0,67.57,57.69
38.0,0,1.74,19.06,57.63,5.7,4.0,3.7,5.1,6.6,3759.0,1.0,0.0,7.7,0.8,112.4,25.0,7.4,2.9,2.1,4.4,57.0,59.68,72.18
62.0,1,1.61,28.54,74.15,6.0,5.7,5.9,5.0,6.7,8488.0,1.4,65.0,9.7,0.5,99.5,31.7,1.9,3.1,2.6,1.8,3.0,94.62,40.33
59.0,0,1.75,28.57,87.93,5.8,5.3,6.4,6.5,8.2,5735.0,2.8,35.0,4.7,4.3,91.0,33.0,3.1,1.7,2.2,1.5,10.0,66.59,38.39
20.0,1,1.73,20.34,61.05,3.9,1.0,7.1,4.5,7.1,5943.0,4.3,28.0,7.4,1.1,75.9,28.7,0.4,2.1,2.0,10.0,7.0,27.4,12.84
19.0,0,1.68,36.15,101.47,5.0,5.6,6.7,5.0,9.0,4057.0,1.0,0.0,8.7,0.1,88.1,21.9,3.4,2.9,2.7,1.6,15.0,52.69,41.04
36.0,0,1.63,23.3,62.12,4.9,4.9,7.0,3.5,5.6,4093.0,2.9,7.0,4.2,6.1,93.8,32.2,6.5,0.9,2.8,1.1,2.0,42.66,48.77
56.0,1,1.63,26.56,70.49,6.4,5.1,3.2,2.0,3.7,7005.0,2.9,48.0,5.0,6.3,110.7,19.6,4.2,2.6,1.2,4.8,8.0,57.47,63.61
64.0,0,1.74,19.73,59.91,5.7,6.0,5.8,3.0,4.7,4439.0,1.0,0.0,9.5,0.6,72.3,39.0,5.9,1.8,1.5,0.5,5.0,78.55,51.46
25.0,1,1.8,22.68,73.35,6.9,5.6,5.9,4.0,6.1,7452.0,2.7,57.0,4.0,6.2,84.7,24.3,2.0,2.4,1.9,0.2,33.0,68.17,60.11
46.0,1,1.65,16.13,43.87,6.1,4.8,6.7,4.1,5.3,4049.0,1.0,0.0,3.3,7.9,90.9,12.7,6.6,1.7,2.1,2.0,1.0,44.6,41.9
36.0,1,1.74,20.49,61.81,6.7,6.7,3.0,6.9,9.0,3564.0,1.0,0.0,9.1,0.0,103.3,15.4,3.9,2.8,1.9,0.2,37.0,81.5,67.27
64.0,1,1.53,22.81,53.62,7.1,6.0,5.0,4.1,6.6,9951.0,2.4,90.0,8.4,2.1,71.8,25.3,5.0,1.7,2.3,0.9,27.0,95.16,65.18
58.0,0,1.65,26.35,72.03,4.5,4.1,8.7,5.8,8.0,4629.0,2.8,2.0,6.9,3.1,63.7,26.1,4.8,0.0,2.6,1.1,5.0,47.05,7.03
57.0,0,1.7,29.47,84.92,6.3,5.5,4.9,3.3,5.8,4603.0,2.1,13.0,5.9,4.7,103.5,40.8,2.5,3.0,3.0,1.6,23.0,67.5,55.78
40.0,0,1.63,30.1,79.69,4.8,1.4,7.0,3.5,6.0,6946.0,3.2,50.0,5.1,4.4,59.6,16.7,2.7,0.6,2.3,9.6,0.0,22.85,24.52
37.0,1,1.63,13.04,34.43,8.0,7.1,2.9,2.0,2.2,10397.0,3.8,95.0,6.6,2.6,115.7,25.3,6.9,2.8,1.5,0.5,51.0,91.08,94.25
31.0,1,1.65,37.12,100.63,6.7,6.5,3.4,2.9,5.5,3433.0,1.0,0.0,9.2,1.0,86.9,16.5,5.8,1.4,1.9,0.9,11.0,68.63,62.31
21.0,0,1.72,25.06,74.43,5.5,5.7,7.9,4.8,6.1,4334.0,1.8,1.0,6.5,5.2,59.0,21.1,7.1,2.7,2.0,0.3,5.0,50.81,16.71
59.0,1,1.69,20.55,58.35,6.9,6.5,5.8,4.0,4.9,4141.0,3.1,7.0,10.0,0.9,80.4,38.5,5.6,2.6,2.3,1.9,7.0,78.37,55.71
56.0,0,1.52,31.28,72.36,6.3,5.7,6.6,5.4,6.3,7584.0,2.3,45.0,4.2,5.3,97.6,15.9,5.3,1.9,2.2,2.6,1.0,52.96,50.16
65.0,1,1.53,31.02,72.64,8.0,7.2,1.2,4.3,6.7,8637.0,4.0,77.0,6.0,2.7,79.3,29.7,1.5,2.0,3.2,1.3,60.0,75.71,83.13
65.0,0,1.65,22.0,60.0,5.0,5.0,6.8,3.5,5.2,4630.0,1.0,0.0,5.3,3.1,90.4,28.1,4.5,1.9,1.7,0.6,1.0,49.39,43.68
44.0,1,1.74,24.2,72.97,6.3,5.6,6.2,7.2,7.5,8118.0,1.5,75.0,3.8,7.5,104.8,24.8,4.9,0.0,2.2,1.9,16.0,70.93,45.48
54.0,1,1.48,27.79,60.89,5.5,4.6,7.1,3.9,6.3,3945.0,2.8,9.0,5.7,3.4,86.0,29.2,8.9,1.6,3.4,1.5,9.0,53.21,41.48
62.0,0,1.66,23.2,63.93,7.2,6.1,2.9,5.7,6.3,6838.0,3.5,49.0,6.8,2.8,71.3,15.7,6.4,0.4,1.6,0.4,45.0,78.97,74.03
58.0,0,1.66,21.72,59.71,5.8,5.0,3.4,3.4,5.5,4140.0,3.2,0.0,7.0,4.3,84.0,38.3,8.1,1.7,2.1,1.0,4.0,68.14,66.35
30.0,0,1.81,14.79,48.51,5.9,5.2,4.4,5.1,7.3,5702.0,2.5,33.0,10.0,0.0,118.3,40.4,6.2,0.4,1.4,1.1,11.0,83.6,50.97
39.0,0,1.67,25.91,72.19,4.5,1.9,5.5,5.4,8.3,6217.0,2.4,31.0,6.9,4.6,123.7,25.4,3.6,0.3,2.0,8.1,10.0,31.84,28.59
24.0,0,1.73,26.3,78.78,6.4,5.2,3.8,4.3,8.1,5573.0,2.0,28.0,8.3,1.4,49.6,44.4,5.2,3.1,1.5,3.8,18.0,61.12,62.72
63.0,1,1.71,26.54,77.72,6.4,5.4,6.1,0.5,1.1,5617.0,2.6,44.0,6.1,2.7,111.8,21.8,5.5,2.6,2.6,2.7,1.0,70.86,56.44
46.0,1,1.53,35.18,82.3,4.5,3.5,8.0,4.0,6.0,4276.0,1.0,0.0,9.4,0.4,95.0,28.2,3.1,1.5,2.1,4.4,3.0,34.32,11.54
29.0,1,1.76,24.13,74.87,6.3,5.4,5.9,5.8,7.6,3954.0,4.0,7.0,10.0,0.0,108.5,36.5,4.2,1.7,1.4,2.7,4.0,77.01,45.29
50.0,0,1.72,21.03,62.01,5.7,4.7,4.7,4.8,7.2,6749.0,2.1,49.0,7.1,3.4,79.0,21.3,4.6,1.3,2.5,4.7,20.0,68.93,48.62
47.0,1,1.74,27.26,82.59,7.5,7.0,2.5,4.7,6.9,9587.0,3.1,80.0,4.0,5.3,54.6,13.9,8.2,2.1,2.1,0.1,3.0,77.83,72.32
35.0,1,2.01,12.24,49.64,6.5,6.4,6.2,1.4,3.1,6807.0,3.1,32.0,4.9,3.2,101.7,12.1,0.8,0.8,2.6,1.2,13.0,74.11,47.18
23.0,0,1.53,24.03,56.49,5.3,4.7,7.2,2.9,4.5,6460.0,3.9,46.0,6.6,3.2,71.2,41.5,7.4,2.5,1.3,2.7,4.0,49.28,53.61
50.0,1,1.84,16.44,55.54,7.3,6.9,3.6,4.6,5.5,7923.0,4.1,61.0,6.9,1.7,62.2,20.8,3.1,1.2,2.2,1.8,30.0,81.84,65.5
42.0,1,1.68,30.65,86.2,6.3,6.7,4.5,4.6,7.6,6477.0,3.7,46.0,7.4,2.8,63.6,23.5,2.3,1.1,2.5,0.4,43.0,71.95,54.36
54.0,0,1.72,28.34,84.14,5.6,5.5,6.1,5.8,8.3,4106.0,3.4,4.0,6.9,1.9,102.0,16.1,7.4,1.5,1.7,0.8,11.0,71.81,52.16
42.0,0,1.7,26.87,77.31,5.6,5.3,8.0,3.8,6.7,4041.0,2.0,6.0,6.0,3.5,92.8,32.6,6.5,0.9,1.2,0.8,7.0,69.06,16.36
58.0,0,1.67,31.01,86.08,7.0,6.5,5.5,4.6,6.3,3138.0,1.0,0.0,4.7,5.5,105.6,18.7,7.5,1.8,2.0,0.6,4.0,51.73,53.32
44.0,0,1.65,20.76,56.81,6.4,5.6,5.5,4.0,5.4,9554.0,2.2,92.0,6.8,3.0,103.4,21.1,6.6,1.0,2.7,0.8,1.0,92.14,52.14
44.0,1,1.73,25.24,75.23,7.6,6.4,4.2,2.5,3.4,7250.0,3.8,52.0,9.7,0.5,81.6,27.4,9.1,2.0,2.7,1.4,5.0,90.7,75.55
59.0,1,1.58,27.34,68.12,7.8,6.6,1.7,0.6,3.0,6990.0,3.1,55.0,8.0,2.6,88.6,16.5,6.1,2.7,1.7,3.9,16.0,79.37,80.85
37.0,1,1.76,26.7,82.7,6.5,4.9,3.0,4.6,5.6,7543.0,3.9,50.0,7.1,1.8,79.8,23.6,4.7,0.8,1.2,2.7,11.0,73.15,61.73
24.0,0,1.67,24.58,68.27,6.1,5.6,2.9,4.3,8.1,3782.0,1.0,0.0,8.1,1.9,85.8,36.2,5.7,1.4,1.7,3.6,43.0,65.87,74.21
19.0,0,1.61,24.79,64.23,7.4,5.5,5.8,3.1,3.8,9177.0,2.3,92.0,5.3,1.4,70.7,28.4,7.5,2.0,1.7,4.3,8.0,79.46,62.06
53.0,1,1.66,28.21,78.11,6.8,7.6,4.1,1.6,3.8,7337.0,3.0,51.0,5.0,5.3,97.8,26.0,3.4,1.1,2.3,1.1,18.0,79.61,63.78
47.0,1,1.8,25.64,83.14,6.4,5.5,5.5,4.9,8.5,6568.0,3.0,56.0,4.5,5.2,111.5,26.7,3.7,2.0,1.9,0.8,10.0,68.31,41.45
51.0,0,1.66,21.84,59.97,6.6,6.4,4.6,3.6,6.2,4453.0,1.0,0.0,5.7,3.3,73.7,21.9,4.4,2.1,1.5,0.1,11.0,67.98,54.33
28.0,1,1.73,23.12,69.08,5.6,3.7,6.5,4.8,7.0,7122.0,2.5,55.0,5.2,5.2,115.6,41.0,0.8,2.6,2.7,5.3,5.0,64.37,34.43
24.0,1,1.64,20.09,54.12,5.8,5.2,8.4,6.8,7.8,5547.0,4.2,18.0,8.4,2.8,92.3,18.5,5.3,0.9,2.1,0.1,9.0,76.15,16.34
19.0,0,1.76,10.49,32.53,6.7,6.1,4.5,0.8,1.4,4644.0,1.0,0.0,5.0,4.5,94.8,26.7,1.2,0.6,2.3,2.7,10.0,61.64,51.69
34.0,0,1.75,23.71,73.01,6.9,5.7,3.6,3.0,5.7,4872.0,3.0,9.0,4.4,4.7,56.0,25.9,5.1,1.2,1.0,0.9,18.0,64.22,71.78
46.0,1,1.85,23.17,79.13,4.8,2.8,3.7,3.7,7.2,3594.0,1.0,0.0,9.9,0.3,53.9,33.1,6.7,0.5,0.5,5.9,42.0,40.31,54.99
36.0,0,1.69,26.01,73.93,5.0,5.0,8.8,6.2,7.7,3375.0,1.0,0.0,5.1,3.6,92.9,33.8,4.0,2.1,1.1,1.1,6.0,44.72,13.95
39.0,0,1.75,13.26,40.76,6.8,5.8,3.3,1.5,2.4,5700.0,2.0,40.0,6.3,3.0,105.8,24.7,8.4,0.3,1.7,3.4,1.0,72.62,75.67
60.0,0,1.71,22.2,64.74,6.0,4.9,4.2,6.9,6.4,6047.0,3.5,25.0,6.9,4.3,76.6,27.3,2.1,3.8,2.3,0.7,10.0,74.05,53.74
34.0,0,1.8,11.29,36.72,6.9,6.6,3.7,4.2,5.2,6784.0,3.5,48.0,3.7,6.3,123.4,27.6,7.4,2.8,0.6,0.7,12.0,59.82,69.08
42.0,1,1.64,33.56,90.55,6.7,5.9,5.5,3.9,5.7,7856.0,2.6,69.0,8.5,0.0,104.7,6.8,6.4,1.5,3.0,1.8,3.0,78.58,50.83
55.0,1,1.76,17.35,53.71,4.2,1.0,6.8,3.7,7.3,5580.0,3.3,27.0,7.3,0.9,71.8,12.3,1.6,2.4,2.1,10.0,21.0,27.85,25.03
37.0,0,1.68,31.31,88.83,5.9,4.9,3.2,3.3,6.0,4540.0,1.0,0.0,9.1,1.0,90.6,20.2,10.4,0.0,2.8,1.5,60.0,63.59,86.6
47.0,1,1.69,29.31,84.19,5.4,2.7,2.6,5.6,7.9,6338.0,3.0,32.0,4.6,6.2,139.5,20.5,4.9,4.0,1.5,5.5,44.0,28.59,61.76
59.0,1,1.71,19.38,56.49,7.4,6.8,4.0,2.4,4.0,8592.0,3.0,73.0,6.2,2.2,65.1,15.4,3.2,0.9,2.3,3.1,3.0,84.64,52.07
63.0,1,1.72,17.91,53.01,6.5,5.7,4.3,4.5,5.9,6349.0,3.1,34.0,6.1,4.4,100.6,31.0,2.2,1.4,2.1,3.2,31.0,67.87,59.83
25.0,0,1.69,26.33,75.26,6.9,5.5,6.2,3.4,6.8,8793.0,3.1,78.0,6.5,4.8,83.5,25.0,4.6,0.0,2.5,1.1,18.0,83.51,47.96
62.0,0,1.72,19.44,57.34,7.9,7.5,3.2,2.9,5.1,7279.0,3.1,52.0,3.1,8.8,104.1,23.3,4.7,2.0,1.9,1.0,9.0,70.42,78.08
41.0,1,1.83,21.45,71.54,6.3,5.6,4.8,7.9,7.8,4111.0,1.0,0.0,6.2,4.1,115.3,15.0,5.2,0.4,2.3,0.4,12.0,68.95,45.65
30.0,1,1.78,19.83,62.76,5.6,3.9,3.6,4.6,6.0,6466.0,2.8,41.0,3.1,7.4,82.3,24.6,4.4,1.6,2.7,6.6,28.0,46.29,58.64
40.0,0,1.77,13.82,43.28,5.2,3.0,6.5,4.9,6.1,6833.0,3.3,41.0,6.7,1.2,112.4,5.0,6.3,1.0,1.6,6.4,10.0,44.47,44.09
64.0,0,1.66,13.2,36.54,6.7,5.3,6.7,5.7,7.2,8016.0,3.1,64.0,1.7,10.0,134.4,23.7,4.2,0.4,2.1,2.7,7.0,54.64,39.41
41.0,0,1.63,27.66,73.4,8.2,7.2,6.9,1.9,4.4,8701.0,4.0,86.0,2.3,7.1,91.3,25.5,1.1,0.7,0.9,0.7,10.0,68.88,43.22
33.0,1,1.78,19.51,61.58,5.9,5.2,8.0,6.6,8.5,7641.0,3.6,56.0,7.6,1.4,105.7,26.9,4.7,1.7,2.4,0.6,13.0,86.66,19.55
48.0,1,1.77,19.69,61.7,5.8,3.7,5.1,0.5,2.4,7009.0,2.1,48.0,4.9,4.8,78.2,12.5,0.3,0.2,3.2,9.0,3.0,51.41,35.99
29.0,0,1.82,24.34,80.44,8.0,7.8,2.2,2.8,6.2,7960.0,2.8,61.0,4.0,7.5,90.4,26.8,5.7,0.8,1.3,0.1,35.0,70.08,84.87
22.0,0,1.65,32.11,87.6,6.5,5.1,3.2,3.3,4.6,5066.0,2.7,19.0,8.5,3.7,86.5,16.7,3.0,2.2,1.9,3.7,17.0,58.75,57.2
24.0,1,1.68,23.31,65.91,6.8,6.7,3.0,4.9,8.7,4406.0,1.0,0.0,6.7,3.5,105.9,18.5,5.3,4.1,2.5,0.9,15.0,70.88,63.99
24.0,1,1.57,26.36,64.89,7.2,5.6,4.4,4.3,5.7,6215.0,3.0,37.0,7.7,3.3,114.1,30.7,7.6,2.0,2.0,1.1,2.0,70.67,59.99
25.0,0,1.67,27.84,77.5,6.3,4.4,4.9,3.7,5.8,7136.0,3.6,46.0,5.7,4.4,87.8,41.1,3.1,0.6,2.1,3.6,14.0,60.11,36.0
25.0,1,1.78,15.67,49.65,5.9,5.9,6.4,4.0,5.7,3772.0,1.0,0.0,10.0,0.0,120.7,25.4,7.1,1.1,1.8,0.2,2.0,78.64,50.74
48.0,1,1.66,26.53,73.35,6.2,6.1,5.5,2.5,4.7,8230.0,4.2,74.0,4.8,6.7,120.6,18.5,4.1,1.5,1.7,0.9,1.0,74.91,44.17
27.0,0,1.75,25.52,78.28,6.9,4.8,3.3,1.8,4.2,8419.0,3.2,69.0,9.5,0.0,106.9,26.5,8.5,1.2,1.9,6.1,11.0,81.31,69.75
34.0,1,1.68,28.26,80.2,5.5,3.8,5.8,5.1,7.5,3834.0,1.0,0.0,5.9,5.7,79.7,32.5,4.3,2.4,2.0,2.4,8.0,56.08,42.02
60.0,0,1.73,13.75,40.95,6.4,4.7,4.0,5.0,6.3,9782.0,2.5,78.0,2.7,8.6,77.8,30.0,3.3,1.7,1.3,2.8,13.0,61.08,53.01
40.0,1,1.61,22.65,58.58,4.6,4.1,7.4,6.4,7.3,5544.0,3.6,21.0,7.0,3.6,73.8,46.9,6.4,2.4,2.0,2.8,1.0,48.04,39.96
49.0,1,1.71,19.51,56.83,6.6,7.5,4.8,2.8,7.3,4739.0,1.4,12.0,6.6,5.2,109.0,19.3,4.1,1.2,2.9,0.1,8.0,81.14,57.75
26.0,1,1.46,33.51,71.5,6.0,6.3,4.4,5.0,6.6,7619.0,1.7,53.0,3.9,8.3,65.8,27.0,3.3,2.8,1.7,0.5,3.0,59.61,54.21
27.0,1,1.69,27.19,77.21,6.7,6.8,4.3,3.6,6.3,5852.0,3.0,35.0,4.2,5.7,103.5,37.4,4.0,1.3,1.3,1.4,60.0,67.52,80.95
20.0,0,1.57,37.53,92.45,7.0,6.5,6.1,5.8,6.2,8946.0,4.0,75.0,6.0,3.2,68.4,36.9,4.9,0.5,1.9,0.9,12.0,75.23,52.19
26.0,1,1.8,19.39,62.58,7.1,6.5,2.2,5.5,7.3,5351.0,4.3,15.0,6.7,1.4,106.5,9.4,7.7,3.7,1.6,1.1,17.0,73.62,83.14
31.0,1,1.76,20.14,62.54,4.9,3.5,7.6,4.3,6.2,4627.0,1.0,0.0,1.1,10.0,90.3,25.0,1.1,0.0,1.2,3.0,6.0,18.64,6.88
26.0,0,1.74,28.91,87.25,6.1,6.3,4.6,3.5,6.0,5424.0,4.1,27.0,8.1,1.5,116.7,36.9,5.0,0.8,2.1,0.0,1.0,76.42,57.34
22.0,1,1.82,22.43,74.45,7.9,6.6,1.8,5.4,4.7,7292.0,3.1,65.0,5.0,6.1,112.8,48.1,6.2,0.9,1.6,2.2,56.0,71.3,97.11
24.0,1,1.62,33.75,89.01,6.5,6.6,6.1,5.0,7.1,3695.0,1.0,0.0,3.3,5.9,118.7,30.6,5.4,4.0,1.6,0.0,5.0,55.97,55.79
40.0,0,1.84,21.96,74.33,6.3,6.0,5.1,3.0,3.8,3859.0,1.0,0.0,7.9,3.7,119.2,22.1,7.6,3.3,2.1,0.1,8.0,72.8,66.84
28.0,1,1.77,16.72,52.64,7.0,6.4,5.2,2.0,4.3,7320.0,2.4,41.0,6.0,3.3,92.9,16.9,4.9,3.0,1.1,1.0,16.0,74.84,60.37
35.0,1,1.68,17.69,50.0,6.5,5.1,5.3,3.6,4.5,5098.0,1.0,0.0,8.4,0.4,66.8,42.7,4.6,1.2,1.0,3.7,0.0,69.11,47.66
42.0,0,1.79,14.57,46.73,6.9,6.6,4.1,6.3,7.4,6932.0,3.0,46.0,6.9,2.9,68.9,30.8,6.2,3.9,2.4,0.3,25.0,83.51,68.14
50.0,1,1.61,30.78,79.93,5.4,5.3,6.2,5.7,7.4,4443.0,1.7,7.0,6.0,3.5,48.3,18.2,5.2,1.9,0.8,1.6,12.0,35.28,49.68
20.0,0,1.63,32.89,87.83,7.2,5.5,4.7,2.3,3.3,5949.0,1.5,35.0,5.7,4.9,68.3,23.4,4.2,2.5,1.4,2.3,5.0,55.93,54.26
56.0,0,1.65,35.84,97.74,5.6,4.5,7.6,2.2,3.8,4412.0,1.0,0.0,7.0,3.0,91.4,27.5,6.0,1.7,0.9,0.5,1.0,50.49,22.13
48.0,0,1.66,30.08,82.65,5.3,5.1,7.0,5.9,6.7,8388.0,1.0,55.0,5.2,5.5,78.8,29.4,3.7,1.5,1.7,1.4,3.0,44.42,39.36
22.0,1,1.62,33.51,87.44,7.3,6.1,1.9,2.3,2.5,6135.0,2.5,21.0,4.3,5.4,86.4,17.8,3.8,1.2,2.3,4.8,34.0,45.22,79.88
59.0,1,1.8,18.97,61.3,6.2,6.4,5.0,4.8,7.8,8048.0,3.2,58.0,7.2,2.1,99.9,20.1,3.9,1.3,2.1,1.4,17.0,86.0,50.37
61.0,0,1.68,18.67,52.65,7.2,6.1,4.4,3.1,3.8,8456.0,1.9,65.0,5.7,3.7,83.9,11.8,7.7,2.1,3.4,0.3,4.0,81.74,69.31
21.0,0,1.73,27.71,82.75,4.2,3.6,9.4,6.4,8.2,4416.0,1.0,0.0,6.1,6.0,67.6,33.3,0.0,1.9,2.7,2.0,1.0,37.77,0.0
31.0,1,1.65,27.87,76.27,6.0,4.5,6.8,2.8,5.6,7453.0,4.2,58.0,8.2,2.0,88.9,22.3,5.8,1.5,1.4,1.8,18.0,77.29,35.2
56.0,0,1.55,29.64,71.61,6.9,6.2,4.9,5.7,7.1,3632.0,1.0,0.0,5.8,2.2,72.0,28.7,5.1,3.0,1.3,0.1,13.0,70.42,55.22
53.0,1,1.72,25.58,75.81,7.3,7.4,4.5,4.3,5.5,3990.0,1.0,0.0,6.0,3.4,84.6,36.4,1.6,0.0,3.6,0.2,8.0,72.27,58.53
27.0,1,1.55,31.27,74.85,8.2,7.4,3.9,4.4,6.6,9075.0,4.0,81.0,4.8,5.3,116.9,26.8,5.6,2.0,2.6,0.3,7.0,73.18,71.64
28.0,1,1.69,31.09,89.26,7.6,6.8,5.3,1.0,4.2,6444.0,3.0,53.0,6.9,5.0,84.6,24.1,6.0,2.2,2.4,0.3,4.0,71.61,63.41
35.0,1,1.59,35.35,89.42,7.5,7.1,6.8,0.7,1.5,8634.0,1.6,79.0,6.7,4.3,125.4,26.6,6.2,2.6,2.0,0.6,17.0,80.69,67.37
41.0,0,1.86,22.62,78.16,5.8,4.8,4.8,3.7,5.5,5043.0,2.9,24.0,7.8,1.3,118.6,25.5,0.0,1.4,2.2,1.2,53.0,67.38,52.62
47.0,1,1.77,26.31,82.69,7.4,7.4,2.3,4.4,4.6,7114.0,2.1,43.0,4.8,7.6,78.4,35.0,7.7,1.7,1.1,0.9,3.0,71.49,77.34
35.0,1,1.71,26.62,77.71,7.7,5.8,3.7,2.3,3.9,6930.0,4.1,53.0,5.1,4.9,67.8,27.5,3.5,2.5,2.1,4.4,14.0,65.25,68.99
40.0,1,1.8,19.45,63.08,6.7,5.6,3.7,2.4,4.4,6399.0,3.6,37.0,7.6,3.7,88.9,20.6,6.4,3.0,2.0,1.9,8.0,72.69,69.23
53.0,0,1.63,30.53,81.35,6.6,5.3,3.8,4.8,6.0,3650.0,1.0,0.0,6.5,2.3,113.1,33.4,6.5,1.2,1.5,4.2,9.0,47.9,60.63
20.0,1,1.74,16.15,49.08,6.0,5.8,5.5,4.8,6.4,5230.0,3.1,7.0,4.2,3.4,80.2,34.8,3.2,1.8,1.7,1.5,4.0,61.36,46.73
30.0,0,1.72,29.14,85.81,5.8,6.4,4.3,3.8,4.4,5719.0,1.7,43.0,8.6,0.0,108.2,14.3,6.3,3.2,2.9,0.2,26.0,92.29,78.02
52.0,0,1.72,17.58,52.08,5.8,5.1,6.9,5.2,7.2,4238.0,1.0,0.0,2.6,4.1,114.2,37.3,4.2,0.0,1.9,1.2,10.0,54.15,42.21
60.0,0,1.8,22.88,74.29,5.8,5.1,7.5,2.2,5.3,3361.0,1.0,0.0,7.6,4.5,74.5,27.9,0.9,0.8,3.2,3.5,12.0,68.28,35.88
42.0,1,1.76,18.54,57.32,6.9,6.4,5.4,3.5,4.4,6511.0,3.1,46.0,3.5,6.7,76.5,27.3,7.3,3.0,1.0,0.4,5.0,68.18,64.26
43.0,1,1.72,26.37,78.3,7.4,6.5,3.6,6.5,7.8,6202.0,3.9,35.0,9.8,0.0,104.3,33.1,3.4,2.6,1.7,0.2,3.0,89.69,56.49
23.0,1,1.57,28.28,69.49,6.0,5.2,4.7,4.1,6.6,7954.0,3.2,64.0,2.9,7.5,93.0,20.5,3.3,2.0,1.1,0.8,1.0,62.79,50.94
39.0,1,1.62,17.49,46.08,5.4,4.5,5.2,4.2,7.4,5425.0,4.3,22.0,8.3,1.9,76.3,32.6,4.2,1.1,1.3,1.0,19.0,60.77,42.9
43.0,0,1.69,26.71,76.31,5.8,5.1,6.3,7.5,8.0,4969.0,1.0,15.0,5.8,4.8,83.0,22.0,5.5,0.6,1.5,0.7,3.0,68.24,37.01
29.0,1,1.71,21.04,61.33,7.2,7.2,5.6,1.9,3.7,6475.0,2.8,47.0,5.3,5.9,88.6,13.2,4.9,0.9,2.2,0.3,18.0,72.94,55.76
31.0,0,1.61,32.12,83.22,6.5,6.4,5.7,5.2,7.5,3918.0,1.0,0.0,6.4,3.3,58.7,17.0,6.1,3.0,2.2,0.6,7.0,57.96,60.87
36.0,1,1.89,19.54,70.02,5.5,4.1,6.7,6.5,8.4,4724.0,4.0,12.0,7.3,1.9,105.3,29.5,2.3,0.9,1.6,2.3,8.0,66.97,27.49
19.0,1,1.82,22.89,75.93,6.1,4.7,5.1,3.5,3.0,5074.0,4.3,16.0,4.2,6.6,80.4,17.4,3.5,1.6,0.7,1.0,9.0,58.11,53.86
33.0,1,1.75,18.21,55.64,5.9,4.6,5.7,5.3,7.8,5611.0,3.0,27.0,4.4,6.4,40.0,37.9,4.8,0.7,2.9,2.0,7.0,59.11,41.41
28.0,1,1.71,21.02,61.16,7.2,5.9,5.1,2.5,6.0,9643.0,2.5,88.0,7.3,2.8,89.5,34.5,8.8,2.3,1.8,1.5,2.0,84.05,72.96
33.0,0,1.68,22.28,63.12,4.7,4.2,7.0,3.0,5.1,4047.0,1.0,0.0,2.6,9.6,75.2,35.7,4.8,1.0,1.3,1.6,6.0,27.97,40.41
24.0,0,1.62,31.42,82.85,7.1,7.1,4.3,4.6,5.5,7718.0,1.9,60.0,4.8,4.7,123.8,26.0,7.2,1.4,2.2,0.6,16.0,73.44,61.72
60.0,1,1.71,32.69,95.16,6.2,5.2,5.1,5.2,6.7,6322.0,3.8,42.0,10.0,0.0,78.3,27.1,5.1,0.0,2.1,1.5,16.0,75.46,54.99
46.0,0,1.72,19.56,57.92,5.8,6.5,6.7,5.7,9.5,8187.0,3.5,79.0,4.1,6.4,68.0,15.5,4.0,0.0,1.8,0.0,5.0,73.55,36.36
50.0,0,1.6,33.63,86.15,6.1,4.7,8.4,6.4,9.3,10520.0,2.9,107.0,8.3,1.0,100.2,33.0,4.5,1.5,2.1,1.1,9.0,82.91,28.97
55.0,0,1.73,12.56,37.45,6.3,5.4,4.2,3.9,6.5,9376.0,3.5,80.0,4.8,5.7,76.8,28.0,4.7,0.2,1.3,1.7,3.0,74.81,48.1
41.0,1,1.69,18.29,52.09,5.8,5.9,8.7,5.8,8.1,7545.0,3.1,55.0,7.0,2.1,74.4,29.5,6.2,3.6,2.5,0.4,4.0,83.4,20.81
22.0,0,1.55,23.23,55.62,7.2,7.0,3.1,3.5,4.8,3591.0,1.0,0.0,7.3,2.3,100.2,38.5,7.7,0.0,1.4,0.6,0.0,77.49,69.48
43.0,0,1.63,18.68,49.71,7.1,6.3,3.3,5.4,7.2,4574.0,4.0,3.0,8.3,3.6,69.2,20.2,5.7,0.7,1.6,0.5,34.0,75.52,67.0
46.0,1,1.67,16.64,46.25,5.8,6.1,6.3,4.3,6.2,6421.0,1.9,43.0,5.6,4.0,60.9,24.0,7.4,1.5,2.4,0.1,4.0,76.48,50.36
53.0,1,1.85,22.24,76.19,4.5,4.8,7.9,4.7,7.2,4357.0,1.0,0.0,10.0,0.0,124.5,27.6,3.1,1.1,2.7,0.9,4.0,63.11,10.26
38.0,0,1.74,21.95,66.79,5.4,2.6,4.3,4.6,8.1,7112.0,1.3,55.0,4.8,6.3,101.6,17.5,4.2,0.4,3.0,7.7,5.0,28.92,29.06
24.0,0,1.59,29.82,75.69,6.5,6.1,4.0,1.6,4.7,4177.0,1.0,0.0,6.5,2.5,84.7,23.5,3.6,0.5,2.6,0.9,2.0,74.62,49.43
31.0,0,1.74,26.58,80.36,8.9,8.1,4.4,2.3,2.9,7987.0,3.6,71.0,6.5,2.8,89.9,28.9,5.6,0.5,1.8,1.2,15.0,87.32,77.72
35.0,0,1.58,29.78,73.98,5.1,4.2,9.5,4.2,6.4,4733.0,1.7,16.0,3.8,6.8,100.1,22.4,4.3,1.2,1.1,2.1,1.0,34.76,4.85
48.0,0,1.79,25.02,79.87,6.2,6.1,6.7,1.5,4.2,5337.0,2.6,35.0,5.4,5.5,109.5,35.5,6.5,3.5,2.8,2.1,2.0,67.93,53.26
45.0,1,1.66,24.95,68.96,4.8,2.6,5.6,5.2,7.9,4939.0,3.0,11.0,6.3,4.9,74.9,12.9,3.1,1.6,2.8,6.0,16.0,35.38,29.44
35.0,1,1.69,18.22,52.2,5.6,4.4,2.0,5.3,6.7,4185.0,1.0,0.0,5.1,4.1,97.3,34.0,5.1,2.7,1.6,3.9,6.0,49.25,63.29
64.0,1,1.81,26.32,85.87,6.0,4.2,5.7,4.5,9.4,8446.0,2.7,71.0,10.0,0.6,79.9,30.3,6.4,2.0,2.6,3.2,18.0,81.75,51.1
46.0,0,1.6,23.98,61.16,6.1,4.1,5.7,2.3,3.0,8561.0,1.8,74.0,4.3,5.2,86.2,20.4,0.9,2.6,1.8,6.1,12.0,59.28,55.55
29.0,1,1.59,22.19,55.97,6.5,5.5,4.5,6.1,7.0,5152.0,2.9,26.0,8.4,1.0,93.2,17.6,9.2,0.0,2.9,0.5,4.0,79.56,66.02
23.0,0,1.65,24.63,67.33,6.1,5.2,4.8,7.1,9.3,7794.0,1.3,55.0,7.7,3.5,89.9,8.4,4.4,1.2,1.7,1.9,16.0,77.28,44.84
25.0,1,1.78,17.71,56.31,4.8,2.7,7.5,4.2,8.3,5598.0,2.8,18.0,6.0,3.5,104.7,18.6,0.9,2.8,3.2,4.4,2.0,39.5,19.62
30.0,1,1.58,25.58,63.74,5.9,5.5,3.7,4.8,5.9,6378.0,2.6,46.0,4.3,6.0,99.7,33.4,5.3,0.9,2.5,2.0,12.0,71.13,53.71
26.0,0,1.47,34.62,75.16,4.8,2.8,8.2,4.3,6.0,6451.0,2.9,36.0,4.5,5.7,59.8,24.6,5.1,3.3,3.1,7.6,9.0,24.02,9.69
27.0,1,1.66,27.17,75.23,5.2,5.6,8.4,4.8,7.9,7124.0,2.4,45.0,5.0,4.0,62.8,34.3,4.8,3.0,1.7,0.2,5.0,59.9,16.14
31.0,0,1.74,18.58,56.53,6.7,5.8,5.6,3.8,5.8,8202.0,1.5,74.0,2.4,8.5,82.6,20.0,7.0,1.0,2.2,1.2,14.0,64.62,54.98
26.0,1,1.8,19.43,62.68,6.3,4.3,4.0,3.9,5.6,7008.0,2.6,53.0,4.0,6.6,126.6,30.7,6.5,1.0,1.4,7.6,31.0,56.6,71.31
60.0,0,1.66,31.14,86.11,7.7,6.9,2.3,5.4,7.9,5845.0,3.9,26.0,3.0,5.0,73.0,19.3,5.6,0.5,2.5,1.0,60.0,56.34,76.96
22.0,0,1.67,27.87,77.45,4.2,3.6,6.0,7.5,9.8,3851.0,4.3,10.0,8.7,1.6,85.8,17.3,5.9,0.9,2.5,2.7,14.0,50.5,38.52
43.0,1,1.79,31.48,101.13,5.9,6.7,7.6,1.9,4.9,3484.0,5.0,0.0,7.2,2.0,79.3,24.1,4.8,0.3,3.4,0.1,8.0,70.66,16.21
37.0,0,1.55,36.48,87.7,5.9,4.7,6.5,3.8,7.1,5978.0,4.7,41.0,7.6,3.5,78.9,19.7,8.6,1.9,2.3,2.4,4.0,62.74,49.88
64.0,1,1.67,31.29,87.16,4.5,3.5,6.0,2.2,4.5,3102.0,1.0,0.0,7.2,1.4,93.6,12.7,2.0,0.0,2.4,5.5,4.0,29.44,28.6
23.0,0,1.72,16.72,49.18,6.2,5.9,7.4,6.4,8.7,8340.0,2.6,63.0,6.3,3.3,118.0,23.5,5.3,2.1,1.7,1.0,10.0,86.13,46.22
37.0,1,1.74,27.03,81.46,6.5,5.9,6.0,3.1,5.3,4474.0,3.0,24.0,8.9,1.4,99.1,25.9,5.1,2.1,2.3,0.0,7.0,85.73,50.8
64.0,1,1.66,25.14,69.2,7.1,6.0,3.7,1.8,4.3,4951.0,2.9,13.0,4.8,5.3,73.9,35.1,6.6,0.0,1.8,0.1,37.0,65.78,66.53
59.0,1,1.7,21.29,61.74,4.2,2.5,7.6,5.0,7.0,4406.0,1.0,0.0,6.2,4.5,145.1,32.5,3.3,3.0,2.1,4.5,7.0,40.58,0.61
56.0,0,1.5,32.19,72.52,5.3,5.1,7.7,6.6,8.6,5942.0,5.0,35.0,7.5,1.0,91.6,34.8,1.5,2.0,2.1,2.6,7.0,52.15,5.33
30.0,0,1.65,31.02,84.18,6.0,6.6,7.3,5.0,8.2,4561.0,1.9,15.0,3.4,8.3,78.5,30.8,5.3,2.2,1.8,0.2,7.0,50.06,46.03
26.0,0,1.74,25.71,77.51,6.9,6.5,5.1,4.3,7.8,9062.0,2.3,82.0,10.0,0.5,118.2,27.7,5.6,0.7,2.0,0.1,27.0,100.0,60.58
49.0,0,1.62,21.61,56.82,5.9,4.8,3.8,4.6,5.1,4001.0,1.0,0.0,6.1,5.3,80.6,15.2,8.0,2.1,1.8,3.3,16.0,57.54,65.13
62.0,1,1.7,27.92,81.14,5.2,4.6,5.4,6.1,8.1,5512.0,2.4,17.0,6.3,4.6,123.3,26.2,2.5,2.6,1.8,3.3,14.0,46.49,47.58
44.0,1,1.74,20.06,60.44,7.5,6.9,3.4,2.7,4.0,4808.0,3.4,35.0,8.5,1.5,72.6,29.8,7.3,1.4,2.6,0.3,6.0,86.28,67.5
45.0,1,1.67,26.18,73.25,7.5,7.3,1.0,3.8,5.5,4764.0,4.0,20.0,7.8,0.9,118.6,36.7,9.7,3.5,2.1,0.7,26.0,83.34,85.21
31.0,1,1.71,22.29,65.45,6.7,5.6,4.5,3.3,5.7,6455.0,3.5,36.0,6.1,3.4,94.0,30.5,4.2,1.5,2.2,3.0,1.0,68.36,53.86
54.0,1,1.62,25.33,66.72,6.9,6.2,3.0,2.2,4.9,6935.0,3.2,48.0,6.3,5.3,115.8,34.9,2.4,2.6,1.1,1.5,31.0,76.35,75.03
27.0,1,1.68,28.75,81.49,5.2,2.9,4.5,3.5,5.4,7410.0,3.9,51.0,3.0,8.4,128.0,16.7,4.2,1.8,2.3,6.3,11.0,24.45,52.42
33.0,0,1.75,17.79,54.4,6.4,5.2,7.7,5.7,5.7,8620.0,2.1,75.0,4.9,4.5,67.3,22.4,5.0,2.1,2.3,1.3,8.0,79.83,36.47
38.0,1,1.71,33.82,99.18,5.7,3.3,4.8,4.8,5.9,3933.0,1.0,0.0,7.0,0.1,115.5,28.4,6.1,0.0,1.8,2.3,10.0,50.2,44.44
42.0,1,1.65,15.62,42.68,6.3,6.2,6.1,5.0,7.9,6421.0,3.5,43.0,6.9,2.9,61.8,34.3,3.8,1.9,3.3,1.4,17.0,80.22,51.7
29.0,1,1.72,20.68,61.03,5.8,3.8,4.8,4.2,3.5,6119.0,1.0,16.0,8.4,1.3,69.1,23.8,8.1,0.8,0.6,5.7,0.0,58.6,51.82
23.0,0,1.76,24.47,75.55,5.9,5.2,7.7,4.8,8.0,7320.0,4.4,43.0,5.8,4.0,73.9,24.3,2.8,0.7,2.5,1.0,31.0,71.11,18.33
47.0,0,1.54,33.38,78.76,6.2,4.8,5.0,2.8,5.3,6226.0,3.3,33.0,3.2,7.3,100.1,30.5,1.5,3.2,2.4,0.5,9.0,52.39,45.74
32.0,0,1.79,21.31,68.49,6.2,5.4,5.0,3.5,6.9,4367.0,3.2,5.0,8.1,2.8,90.7,16.0,7.2,1.3,2.3,0.8,6.0,72.43,50.82
45.0,1,1.67,24.7,69.14,4.9,3.4,6.5,4.3,6.1,4571.0,1.4,5.0,8.9,2.1,86.7,37.9,0.5,0.5,2.1,3.8,2.0,45.28,22.61
25.0,1,1.73,25.33,76.16,5.8,4.8,6.7,4.4,4.4,7235.0,1.7,47.0,7.8,2.6,92.9,18.0,4.6,1.1,2.3,1.4,9.0,77.8,48.2
41.0,0,1.8,20.63,66.53,5.6,5.4,6.3,4.5,6.9,6192.0,2.6,33.0,5.7,2.5,101.8,9.7,11.2,0.2,2.5,0.9,10.0,71.54,56.03
43.0,1,1.59,35.94,90.9,5.3,4.9,6.4,3.8,7.1,4255.0,3.8,11.0,8.1,1.6,103.4,25.1,5.0,2.9,1.6,1.6,8.0,43.9,50.64
20.0,0,1.64,30.59,82.59,6.6,5.5,7.4,3.4,6.4,6994.0,1.0,35.0,10.0,2.3,111.9,38.6,2.8,0.8,2.2,0.3,17.0,69.44,41.05
34.0,0,1.68,29.55,83.09,5.5,4.8,6.9,8.7,10.1,7312.0,3.8,53.0,6.2,4.1,126.4,29.7,4.9,2.0,1.9,0.0,8.0,73.54,43.18
24.0,0,1.64,20.71,55.51,5.9,4.9,3.6,5.4,7.4,6327.0,2.6,22.0,3.4,7.0,89.6,31.0,4.9,2.9,1.3,0.7,49.0,58.25,73.45
21.0,1,1.84,20.35,68.81,5.6,5.9,6.8,4.6,6.1,4439.0,2.8,6.0,4.8,5.5,79.6,25.3,5.3,1.0,2.4,1.9,14.0,61.31,50.34
65.0,1,1.63,24.61,65.49,6.1,5.9,4.7,3.7,4.8,3877.0,1.0,0.0,7.3,3.2,102.3,23.8,6.3,2.0,1.7,2.5,25.0,71.24,65.98
33.0,0,1.66,20.04,54.92,5.7,4.1,5.1,3.3,6.3,6839.0,3.3,36.0,2.8,4.8,67.1,12.6,2.9,0.5,1.1,3.5,2.0,60.76,51.2
56.0,1,1.72,25.6,75.4,5.2,2.6,5.8,3.8,4.6,4151.0,1.0,0.0,6.3,3.4,76.4,6.9,8.4,3.9,1.7,5.2,8.0,31.93,53.45
30.0,0,1.6,24.08,61.94,7.1,6.4,4.9,4.4,5.5,6352.0,3.6,38.0,6.8,3.2,110.0,26.6,5.5,2.4,1.5,1.1,6.0,74.0,51.69
50.0,1,1.67,28.68,79.83,7.9,6.6,3.2,1.2,2.1,7906.0,1.0,75.0,9.1,2.2,87.5,35.5,6.5,1.3,2.6,2.7,13.0,92.76,75.82
54.0,1,1.73,18.12,53.95,7.5,7.1,4.8,1.6,2.2,5823.0,2.5,25.0,8.6,1.4,65.8,27.8,3.7,0.7,2.1,0.2,30.0,86.28,64.14
46.0,1,1.67,34.21,95.79,5.9,6.1,4.8,3.0,5.2,4006.0,3.2,4.0,7.7,0.6,60.2,30.0,7.6,1.4,2.8,0.1,1.0,72.45,64.04
40.0,0,1.69,19.74,56.56,8.0,7.5,6.9,4.3,7.5,9248.0,2.7,91.0,1.7,8.8,91.0,37.7,4.5,1.2,1.6,0.3,1.0,74.87,48.71
37.0,1,1.66,26.67,73.29,7.5,6.1,5.1,3.6,5.5,8561.0,1.2,80.0,7.8,1.4,112.8,27.6,5.6,3.5,2.5,1.2,28.0,90.0,65.97
34.0,1,1.58,32.85,81.88,6.4,6.1,5.0,6.2,6.7,4220.0,1.0,0.0,7.4,1.4,112.6,24.0,3.1,0.3,3.7,0.5,4.0,67.03,43.06
62.0,0,1.73,20.63,61.44,6.1,6.1,5.5,1.8,4.6,5519.0,1.8,38.0,6.5,2.7,92.2,18.5,3.0,1.6,2.2,0.7,17.0,79.32,54.35
57.0,1,1.84,24.44,82.79,6.2,5.0,7.1,2.9,6.6,6331.0,2.9,41.0,2.5,8.0,130.2,41.2,6.4,1.5,2.5,2.1,12.0,56.33,42.14
63.0,0,1.7,17.81,51.56,6.4,6.0,3.7,6.3,7.6,7114.0,3.2,44.0,4.4,6.8,87.9,29.2,4.1,1.4,2.4,0.9,27.0,72.24,65.26
24.0,1,1.72,31.1,91.78,6.3,5.3,6.6,4.2,5.7,7648.0,3.0,71.0,3.7,6.8,87.2,17.5,3.3,1.4,1.1,1.6,2.0,52.23,42.16
52.0,0,1.76,22.79,70.21,5.3,5.9,5.3,5.3,7.8,6312.0,4.2,37.0,2.0,8.7,40.0,15.6,3.7,1.4,2.4,1.1,2.0,47.4,57.91
62.0,1,1.6,23.9,61.05,4.6,3.9,7.9,7.1,10.7,5869.0,2.9,36.0,6.0,4.5,81.1,35.0,6.4,2.4,2.2,0.4,12.0,47.28,11.72
27.0,1,1.84,19.43,65.51,7.4,7.4,4.9,3.0,4.4,7149.0,3.4,56.0,4.4,5.7,107.0,16.7,3.7,2.1,1.8,0.2,44.0,77.49,70.87
21.0,0,1.72,27.89,82.13,7.8,6.3,4.5,3.9,4.5,9133.0,2.9,72.0,10.0,0.7,121.3,39.8,4.8,1.9,1.5,0.5,8.0,92.95,60.17
53.0,0,1.83,18.27,61.23,6.2,6.8,8.9,3.6,6.2,6496.0,3.6,55.0,5.7,1.9,73.4,5.0,5.0,0.0,2.4,0.1,6.0,80.07,36.04
45.0,0,1.64,21.81,58.76,6.6,5.1,6.9,1.1,3.9,7225.0,4.4,47.0,8.6,1.5,99.2,36.4,1.2,1.8,1.4,1.9,14.0,72.58,45.44
58.0,0,1.85,19.58,66.68,5.7,4.7,5.3,3.5,5.5,3761.0,1.0,0.0,2.9,6.1,110.9,28.9,2.1,0.0,3.3,3.2,40.0,47.54,49.17
25.0,0,1.76,16.86,52.35,5.9,4.7,5.5,5.3,6.8,4896.0,3.8,19.0,4.9,6.2,90.2,25.9,5.7,2.1,2.1,0.8,27.0,61.07,63.13
55.0,1,1.74,31.98,97.31,6.4,5.2,5.1,4.8,7.8,6106.0,4.5,44.0,6.2,3.7,44.3,23.6,3.5,3.0,1.3,1.0,60.0,60.1,66.77
27.0,0,1.72,20.82,61.5,6.5,5.6,4.3,4.9,7.5,7011.0,4.4,44.0,4.2,5.8,94.9,40.1,7.1,0.6,1.7,3.4,0.0,58.71,52.63
26.0,0,1.68,29.22,82.47,7.0,7.0,5.2,3.4,4.7,7465.0,2.6,59.0,5.2,3.3,105.2,30.7,6.9,1.2,1.8,0.5,2.0,84.76,57.79
26.0,1,1.8,22.67,73.14,7.9,7.4,5.1,3.0,5.1,9326.0,4.0,91.0,5.6,5.5,71.1,17.8,6.4,0.9,3.4,0.3,14.0,86.09,68.38
56.0,0,1.71,18.86,55.23,6.3,6.0,3.3,5.9,6.6,4235.0,3.2,3.0,5.5,5.1,84.9,11.2,8.6,2.7,1.5,1.4,26.0,64.25,76.74
49.0,1,1.54,29.38,69.91,5.8,5.5,6.3,3.3,5.9,7912.0,4.1,67.0,9.7,0.8,66.9,26.4,4.8,1.6,1.9,2.1,5.0,85.14,46.72
43.0,1,1.61,31.52,81.76,5.4,4.5,7.2,4.4,6.2,3337.0,3.6,6.0,6.8,2.4,40.0,25.0,6.3,3.2,1.7,1.8,4.0,35.72,41.69
35.0,1,1.69,23.66,67.18,6.8,5.0,4.2,4.2,5.8,7636.0,3.3,65.0,7.0,2.3,110.5,12.8,3.8,1.9,2.3,2.5,23.0,76.16,58.07
59.0,1,1.72,29.55,87.9,6.2,5.9,5.3,6.2,8.2,6433.0,3.4,33.0,7.1,3.1,89.9,24.6,9.9,1.7,1.7,0.1,1.0,78.83,55.46
36.0,1,1.7,29.68,85.32,7.8,6.6,3.9,5.5,7.5,9310.0,3.3,101.0,7.2,2.1,122.0,20.4,9.0,1.6,1.3,1.1,7.0,87.75,73.14
56.0,0,1.8,25.93,83.78,7.9,7.4,2.3,2.1,5.0,6117.0,3.3,44.0,5.8,4.6,107.1,25.1,5.0,2.3,1.9,0.5,11.0,79.29,78.87
39.0,0,1.54,26.47,63.11,5.2,4.6,5.8,2.2,4.8,4633.0,2.8,14.0,5.4,2.5,82.9,30.8,5.8,0.0,1.8,2.8,12.0,43.56,47.01
36.0,0,1.71,18.37,53.8,6.8,4.9,4.5,4.9,6.7,6559.0,2.7,49.0,6.3,3.2,88.3,36.9,7.7,1.6,1.6,4.1,20.0,64.95,60.66
40.0,1,1.55,25.16,60.8,5.0,5.1,5.8,3.9,6.7,6573.0,4.8,43.0,8.3,3.5,101.3,32.3,4.7,1.4,1.7,0.7,7.0,63.67,46.48
32.0,0,1.76,23.53,72.94,8.4,8.0,3.8,3.3,5.7,7748.0,3.5,72.0,8.3,2.2,109.3,19.2,3.7,2.2,2.7,0.2,14.0,100.0,68.54
53.0,1,1.69,27.3,78.19,6.5,6.3,4.8,5.5,7.1,6732.0,2.4,49.0,5.5,4.6,96.5,28.0,6.7,1.3,1.8,0.6,13.0,72.58,56.04
42.0,1,1.73,12.45,37.43,6.8,6.2,6.9,4.3,6.2,10307.0,2.7,106.0,7.5,4.4,112.1,25.5,5.2,0.5,1.3,0.2,12.0,92.32,38.6
29.0,1,1.63,26.27,69.88,6.5,6.4,4.9,4.1,5.9,6231.0,4.1,32.0,5.6,2.1,84.1,14.3,5.4,1.5,1.7,0.8,15.0,74.54,56.3
60.0,1,1.8,22.28,72.37,5.9,5.5,6.5,5.2,7.7,6369.0,2.3,29.0,6.1,3.1,70.1,28.2,3.3,0.4,2.0,1.5,5.0,69.4,37.11
36.0,0,1.78,20.7,65.84,4.8,3.0,6.5,3.4,5.1,4708.0,1.5,14.0,5.1,4.5,88.7,39.9,1.6,0.0,1.2,7.3,1.0,31.1,24.38
44.0,1,1.75,29.29,89.37,6.3,6.6,4.3,6.4,8.0,7277.0,1.6,39.0,5.6,5.2,94.1,25.3,5.5,2.2,3.0,1.0,2.0,72.41,60.87
61.0,1,1.69,26.74,76.33,6.8,6.5,6.4,2.8,6.8,6253.0,1.3,39.0,8.7,2.2,66.0,12.2,6.8,2.1,2.5,0.5,4.0,81.9,51.59
47.0,0,1.75,29.4,89.65,7.0,6.2,4.1,5.0,7.9,7133.0,1.7,45.0,6.2,2.9,63.3,25.2,4.5,2.0,2.9,0.4,10.0,81.83,65.0
23.0,0,1.64,24.72,66.76,6.5,5.6,2.9,6.2,7.4,7444.0,1.8,41.0,6.3,4.7,98.9,15.3,7.9,2.8,2.2,0.4,28.0,78.88,72.88
62.0,1,1.77,26.88,84.06,7.5,7.5,3.2,1.9,4.5,5294.0,4.4,20.0,3.1,6.5,81.9,31.9,3.6,0.8,0.7,0.4,18.0,65.8,70.0
48.0,1,1.83,28.17,94.53,6.3,5.3,4.7,3.5,5.6,3865.0,3.0,9.0,5.4,5.8,86.7,29.2,2.9,0.1,2.9,2.9,23.0,55.73,51.0
34.0,1,1.79,28.12,89.68,5.8,6.4,5.6,5.7,8.1,5397.0,2.6,23.0,5.5,3.4,82.8,23.6,4.9,1.4,1.5,0.1,6.0,70.57,51.47
25.0,1,1.64,19.9,53.62,4.9,1.0,6.0,5.7,7.9,7728.0,1.6,67.0,4.3,5.5,120.4,22.4,4.8,1.2,1.5,10.0,8.0,27.83,33.24
55.0,1,1.73,22.15,66.19,6.9,6.5,4.0,3.7,6.9,8520.0,2.9,78.0,6.0,3.5,115.2,23.3,6.5,0.7,2.1,1.5,8.0,87.86,63.23
47.0,1,1.6,25.43,64.82,5.8,5.0,7.2,2.9,5.2,6686.0,1.3,28.0,5.1,5.9,65.3,25.1,3.5,1.4,2.8,1.6,3.0,65.28,29.7
43.0,0,1.75,25.38,77.34,5.4,4.9,6.9,5.4,7.4,3570.0,2.6,3.0,6.2,3.3,79.3,18.8,7.7,0.9,2.6,0.9,1.0,49.35,44.66
60.0,0,1.74,26.64,80.3,4.6,3.6,4.9,5.8,8.8,6113.0,5.0,33.0,6.2,3.7,107.0,13.9,8.9,0.0,2.5,2.3,13.0,54.55,45.0
55.0,0,1.55,23.89,57.42,7.9,7.4,1.6,2.3,4.5,9829.0,3.7,104.0,4.1,6.4,102.0,34.1,4.9,1.1,1.8,1.3,60.0,82.56,90.57
25.0,1,1.61,27.5,71.02,7.8,7.3,3.8,2.2,4.3,7890.0,2.8,67.0,5.2,5.3,89.2,21.9,7.5,0.4,1.8,0.8,3.0,77.93,71.29
33.0,1,1.68,14.11,39.7,6.4,5.4,5.9,4.3,6.7,7354.0,3.7,50.0,6.2,4.7,67.2,26.3,2.9,1.7,2.2,0.6,1.0,72.06,37.1
30.0,1,1.68,32.62,91.63,5.7,4.1,2.4,4.9,6.9,7405.0,2.5,54.0,8.4,1.8,76.3,27.3,7.2,0.8,1.9,5.2,23.0,56.99,70.77
53.0,0,1.6,24.24,62.31,8.0,7.5,3.6,3.6,5.6,8930.0,2.2,84.0,6.5,3.1,79.7,27.6,7.1,2.6,2.5,0.7,4.0,99.95,71.09
20.0,1,1.73,23.64,70.84,5.8,5.4,5.5,5.0,6.4,3675.0,1.0,0.0,4.7,5.0,95.5,15.6,6.7,3.1,2.5,1.1,27.0,64.94,70.46
45.0,1,1.72,22.09,65.36,6.1,6.2,4.8,2.9,4.2,5576.0,1.9,24.0,6.8,3.2,124.1,11.6,5.0,2.2,2.4,0.9,18.0,73.08,63.85
54.0,1,1.68,30.73,87.19,7.9,7.1,5.8,0.8,1.8,5004.0,2.6,3.0,9.4,0.8,76.3,20.3,0.0,0.0,0.5,0.2,44.0,75.19,65.84
59.0,1,1.64,10.21,27.44,6.7,5.1,4.6,3.4,4.0,6754.0,3.3,53.0,7.8,2.0,69.5,28.2,3.7,3.0,2.1,0.4,8.0,83.52,61.74
34.0,0,1.78,21.92,69.75,7.4,6.9,4.5,4.1,5.2,7409.0,2.1,41.0,7.1,2.9,87.8,19.2,3.7,3.1,1.9,0.4,16.0,83.02,62.21
57.0,1,1.83,20.37,68.41,6.2,5.3,4.9,3.6,5.4,8069.0,3.7,58.0,7.5,1.0,110.6,22.2,3.0,1.5,2.1,2.4,9.0,78.2,45.03
23.0,0,1.66,22.9,63.2,6.9,6.4,4.0,2.3,4.4,5988.0,2.7,22.0,8.9,1.8,61.1,42.0,5.2,2.8,1.5,1.0,15.0,78.01,68.67
58.0,0,1.65,35.18,95.89,6.7,6.0,3.6,1.3,3.0,7988.0,3.7,64.0,8.2,2.0,119.1,10.2,4.2,0.9,1.2,3.0,9.0,70.27,60.78
24.0,0,1.74,18.74,56.69,5.9,4.0,5.4,3.2,2.9,6508.0,3.6,32.0,7.1,3.9,86.6,19.0,3.4,0.0,2.3,2.5,3.0,60.64,49.22
37.0,1,1.67,29.2,81.58,6.2,5.7,6.6,5.3,8.9,6652.0,2.8,53.0,8.1,1.9,75.3,40.2,2.9,0.7,1.8,0.4,11.0,82.43,36.34
55.0,1,1.69,26.42,75.34,6.3,5.1,5.6,5.9,9.0,7840.0,4.7,70.0,3.8,4.4,58.0,24.6,3.6,3.2,2.3,1.7,11.0,71.61,44.72
25.0,1,1.76,28.73,88.92,6.3,4.6,6.6,5.8,8.2,8292.0,2.3,65.0,3.0,6.6,104.1,19.4,7.2,0.0,1.6,2.7,25.0,64.57,40.28
29.0,1,1.55,25.06,59.99,5.4,4.7,8.1,2.8,6.7,6523.0,4.3,40.0,6.3,3.5,86.6,34.4,3.7,1.5,2.8,2.0,20.0,54.31,17.98
52.0,1,1.81,18.1,59.01,7.8,7.0,6.1,2.3,3.3,7366.0,4.2,57.0,6.1,4.6,93.4,25.4,4.0,1.5,2.6,1.8,16.0,81.91,53.33
52.0,1,1.71,29.71,86.44,5.7,4.9,7.5,4.7,8.6,7681.0,4.8,82.0,4.9,3.0,72.0,22.2,4.1,1.0,2.2,2.7,2.0,69.35,12.95
48.0,0,1.67,27.48,76.38,6.9,6.1,5.8,5.0,6.0,6705.0,3.2,49.0,7.7,2.4,83.6,26.5,5.7,1.1,1.9,0.1,19.0,86.87,57.69
51.0,0,1.69,16.34,46.83,4.3,3.6,8.1,4.6,6.8,3824.0,2.2,7.0,2.3,8.2,80.3,19.7,5.9,1.6,2.5,2.6,10.0,26.37,10.77
44.0,0,1.7,21.5,61.91,7.1,6.9,5.0,1.0,1.7,7400.0,5.0,53.0,4.9,4.4,88.0,16.9,0.0,0.9,2.2,0.6,34.0,78.19,65.21
30.0,0,1.56,31.09,75.8,7.4,6.8,2.2,2.7,4.7,5369.0,2.7,24.0,5.0,5.0,76.6,24.1,7.0,0.1,2.1,1.7,38.0,59.74,81.0
34.0,0,1.82,24.94,82.57,5.9,5.3,5.9,4.0,6.3,3686.0,1.0,0.0,2.7,6.6,59.3,16.9,7.9,1.7,2.6,0.6,1.0,56.16,46.15
27.0,0,1.7,20.62,59.81,5.8,4.3,6.0,4.7,6.6,8128.0,2.8,47.0,9.0,0.3,144.6,25.1,2.9,2.6,2.9,3.7,26.0,77.79,52.72
61.0,0,1.74,8.73,26.29,5.7,4.3,5.2,5.2,7.9,6802.0,2.0,38.0,3.3,6.3,62.7,27.8,3.1,2.4,1.2,1.3,1.0,53.84,37.15
45.0,1,1.78,24.68,77.85,6.6,5.4,5.3,4.2,6.3,8673.0,3.5,69.0,4.8,4.5,93.6,31.8,4.1,0.7,1.4,2.1,7.0,68.98,49.3
37.0,0,1.62,19.74,51.7,5.3,3.4,7.2,4.5,6.0,5592.0,2.4,8.0,7.8,2.9,54.6,34.0,3.5,0.2,1.5,3.2,12.0,48.03,33.57
40.0,0,1.74,13.16,39.74,5.5,5.1,2.7,4.1,5.6,4401.0,1.0,0.0,7.3,2.0,50.1,21.8,5.4,1.2,1.1,4.5,2.0,43.22,62.77
63.0,0,1.68,9.77,27.52,6.5,5.0,4.2,5.0,7.8,6111.0,4.0,42.0,3.8,5.3,92.0,29.0,1.1,3.1,2.0,2.6,21.0,61.16,52.61
25.0,1,1.77,26.31,82.21,5.7,6.0,5.9,4.5,5.8,6230.0,3.6,45.0,7.4,4.4,93.5,28.9,2.8,2.1,2.4,0.3,0.0,74.64,41.61
46.0,0,1.53,30.73,71.93,5.5,5.2,5.9,4.1,7.0,5746.0,3.0,21.0,6.6,4.4,115.2,27.6,8.1,2.2,2.0,3.9,3.0,55.12,59.24
42.0,0,1.69,23.27,66.62,7.4,6.5,3.7,3.6,6.8,5260.0,3.2,38.0,10.0,0.0,98.0,21.2,3.1,2.4,1.7,1.9,13.0,82.58,64.43
47.0,1,1.65,33.29,90.84,6.9,5.9,3.7,4.1,4.5,3961.0,1.0,0.0,6.8,2.4,87.0,16.8,7.5,1.9,2.7,1.9,19.0,61.96,73.57
19.0,0,1.73,26.44,79.56,5.4,3.1,6.1,4.7,7.9,4634.0,2.6,29.0,5.7,4.5,71.0,29.0,5.7,1.6,2.1,5.1,37.0,35.61,42.33
59.0,0,1.74,31.21,94.24,5.1,4.7,6.4,4.4,8.5,4448.0,3.0,7.0,4.3,6.0,120.0,11.3,1.4,2.2,2.2,0.6,18.0,36.18,33.32
62.0,0,1.64,18.18,49.11,7.3,7.5,6.4,4.6,6.8,8294.0,3.5,64.0,4.5,4.0,108.6,22.9,6.3,1.0,2.7,0.5,17.0,82.68,59.39
45.0,0,1.64,25.74,69.48,6.7,6.1,5.4,6.0,8.6,6878.0,2.9,46.0,4.3,6.8,65.1,5.0,4.8,0.1,1.9,1.4,8.0,65.27,38.3
51.0,0,1.69,16.0,45.75,5.4,4.5,5.2,4.4,7.4,6045.0,3.4,26.0,8.7,2.1,90.8,14.3,4.1,2.2,3.2,2.8,0.0,63.76,45.12
61.0,0,1.63,25.1,66.56,6.5,6.5,6.5,3.0,4.8,10005.0,2.2,84.0,6.0,4.4,92.9,18.0,5.5,2.7,1.7,1.2,2.0,82.59,48.13
51.0,1,1.77,21.22,66.27,6.3,5.8,6.0,5.3,7.5,5419.0,2.4,25.0,7.1,4.2,83.1,33.8,5.9,0.4,3.2,2.0,11.0,71.63,44.53
25.0,1,1.67,28.45,79.4,8.9,7.7,1.9,2.0,2.6,8881.0,2.3,58.0,9.0,1.4,105.4,30.5,6.4,2.3,1.4,1.2,17.0,93.64,81.26
45.0,1,1.47,32.82,70.68,6.2,5.5,3.3,2.4,4.5,5213.0,2.4,18.0,1.3,9.2,106.6,20.6,7.4,3.2,2.3,1.9,8.0,35.37,72.17
47.0,0,1.67,28.45,79.35,5.2,3.8,7.3,4.5,7.0,9235.0,4.3,79.0,8.6,3.0,86.2,30.8,5.8,1.5,1.6,3.5,20.0,53.5,44.8
38.0,1,1.62,30.81,80.55,6.3,5.6,4.8,4.8,7.3,5075.0,3.7,23.0,6.1,5.0,84.4,32.1,2.2,0.7,2.7,0.4,11.0,64.25,47.75
53.0,0,1.57,41.54,102.32,4.6,3.8,7.1,2.1,5.2,5968.0,1.9,19.0,6.9,2.3,120.0,23.7,4.1,1.6,1.7,2.4,1.0,36.87,37.28
62.0,0,1.6,25.46,65.27,6.7,5.7,3.3,3.4,4.7,6568.0,3.4,34.0,4.3,6.3,108.7,13.9,10.9,0.9,2.2,3.1,3.0,63.95,73.27
62.0,1,1.71,19.14,55.88,7.7,6.2,3.7,3.1,4.6,7346.0,2.6,43.0,4.5,4.8,91.4,23.3,6.4,0.9,1.6,1.2,27.0,69.9,73.74
39.0,0,1.81,22.59,73.69,6.1,5.7,4.7,3.3,7.2,8325.0,2.3,72.0,7.0,3.5,57.4,24.2,9.7,1.9,2.6,0.8,19.0,80.11,69.12
23.0,0,1.73,19.48,57.97,7.9,7.1,1.0,5.4,7.3,7475.0,1.5,68.0,10.0,0.5,96.9,15.1,7.8,0.0,1.6,0.0,34.0,99.3,74.37
64.0,1,1.65,33.82,92.23,5.8,4.2,3.8,5.1,7.3,5626.0,4.0,23.0,8.0,0.6,104.0,27.9,5.5,0.1,3.0,3.2,2.0,60.78,52.03
57.0,1,1.74,21.81,65.75,8.5,7.4,2.8,4.0,5.9,8580.0,1.6,90.0,8.5,1.3,40.0,27.2,5.6,1.5,1.4,0.8,60.0,93.19,89.83
24.0,0,1.66,22.24,61.52,7.0,5.2,4.1,3.2,4.4,7616.0,2.9,63.0,5.6,4.6,95.0,28.6,4.9,1.5,1.2,0.9,4.0,69.86,55.72
61.0,1,1.64,23.27,62.93,6.5,5.5,7.9,2.0,5.6,5064.0,2.1,16.0,4.8,4.8,81.7,27.2,1.5,1.8,2.6,0.8,0.0,60.6,24.5
59.0,1,1.61,31.25,80.78,6.5,5.3,1.0,6.1,7.6,5189.0,1.0,0.0,4.4,5.9,85.6,30.8,5.0,3.4,1.6,1.4,60.0,47.59,88.31
42.0,0,1.56,27.8,67.63,6.3,5.2,5.8,4.9,5.8,5411.0,2.7,21.0,5.0,5.8,71.9,23.6,7.4,1.6,2.0,2.4,5.0,57.36,53.96
46.0,0,1.67,21.68,60.37,7.2,4.7,2.7,2.9,4.5,7190.0,2.9,52.0,1.9,8.1,87.0,26.6,3.8,2.1,1.8,3.0,17.0,53.9,62.72
37.0,0,1.71,32.38,94.98,6.7,6.1,4.7,5.1,5.1,6281.0,2.9,39.0,4.6,5.7,117.8,21.8,5.8,0.5,1.2,1.0,3.0,56.61,57.12
21.0,0,1.69,19.96,57.16,6.9,6.3,3.0,3.9,5.2,8117.0,3.3,80.0,4.9,6.5,81.1,20.3,6.7,2.3,2.0,2.2,13.0,71.74,77.06
34.0,0,1.67,25.39,70.53,5.8,4.8,6.8,3.6,4.6,4043.0,1.0,0.0,5.6,4.8,109.3,35.7,3.2,1.0,2.8,2.6,35.0,54.24,57.48
56.0,1,1.62,30.24,79.78,6.1,5.9,4.1,4.7,7.3,4573.0,3.0,9.0,6.3,3.9,73.9,8.6,4.1,1.6,2.6,0.7,6.0,67.56,55.24
18.0,1,1.75,14.89,45.53,6.3,5.7,4.7,2.9,4.2,3537.0,2.5,0.0,6.7,2.3,105.2,32.0,3.0,1.4,2.1,0.2,17.0,70.99,57.85
34.0,1,1.59,30.36,77.2,6.5,4.1,3.5,3.5,6.4,3407.0,1.0,0.0,6.0,4.7,90.0,20.0,3.4,2.5,2.7,4.5,3.0,48.92,48.41
37.0,0,1.76,17.45,54.17,5.2,4.5,8.5,4.2,7.6,4315.0,1.9,9.0,4.8,5.5,97.0,19.0,2.4,0.2,1.4,2.3,15.0,43.35,3.81
43.0,1,1.62,31.38,82.34,6.2,5.6,6.5,3.3,6.0,5717.0,3.7,28.0,2.1,9.2,90.1,27.1,3.2,0.0,1.8,2.1,6.0,41.35,39.32
61.0,1,1.64,20.66,55.56,6.5,5.5,5.5,5.0,6.8,7200.0,2.7,57.0,4.8,5.2,102.8,13.1,7.8,1.3,2.2,0.1,4.0,74.51,58.25
34.0,1,1.58,32.09,80.39,4.1,3.1,9.0,6.8,8.9,3475.0,1.0,0.0,4.1,4.1,40.0,18.5,3.2,2.0,1.9,3.4,6.0,23.58,2.12
34.0,0,1.66,31.43,86.59,6.3,5.4,5.0,2.9,3.3,4145.0,1.0,0.0,6.9,1.4,61.6,18.2,5.3,1.7,1.9,1.7,3.0,63.92,63.69
53.0,1,1.78,26.23,82.92,6.5,6.5,3.8,1.5,3.4,4269.0,1.0,0.0,7.8,2.9,98.3,23.2,4.0,2.7,1.3,3.8,35.0,68.17,68.41
39.0,0,1.74,24.33,73.77,6.5,4.1,4.0,1.0,2.1,6668.0,2.3,43.0,7.9,1.6,49.1,18.6,7.4,1.9,0.8,7.3,8.0,58.76,58.72
29.0,0,1.78,21.04,66.53,4.9,2.0,6.1,3.8,6.5,4375.0,3.9,11.0,7.5,2.9,79.4,37.8,7.6,0.9,2.5,6.3,4.0,37.39,43.0
39.0,0,1.74,20.22,61.35,5.9,3.4,4.7,3.0,7.6,9422.0,2.4,85.0,5.7,4.4,88.9,39.4,6.7,0.0,2.1,3.9,9.0,71.27,51.29
25.0,1,1.61,35.44,92.07,6.8,6.8,5.3,4.3,6.8,5805.0,3.4,32.0,5.0,4.9,73.4,8.8,5.6,1.3,2.5,0.0,6.0,60.94,55.43
26.0,1,1.67,21.25,59.51,5.9,5.7,5.5,4.2,4.2,5131.0,2.4,29.0,4.5,5.4,76.2,29.4,4.5,2.5,1.7,4.3,20.0,59.98,41.0
41.0,0,1.64,20.3,54.44,6.7,6.1,3.2,1.6,3.2,5680.0,3.6,19.0,3.0,6.1,95.4,31.9,2.6,1.1,1.6,0.2,53.0,65.9,72.66
38.0,0,1.81,24.51,79.98,5.3,3.9,3.6,1.3,3.4,4177.0,1.0,0.0,8.0,2.0,110.2,29.3,8.9,1.5,2.0,3.8,9.0,43.44,66.89
61.0,0,1.6,22.56,58.06,6.9,6.5,2.7,4.4,6.5,3940.0,1.0,0.0,5.7,3.8,70.8,19.7,3.5,1.9,2.5,0.7,30.0,66.74,67.01
35.0,0,1.77,17.76,55.75,5.3,4.2,7.0,4.2,5.5,3955.0,2.7,12.0,3.5,6.1,78.5,23.0,6.3,0.5,1.9,1.9,13.0,41.47,43.28
45.0,0,1.77,15.41,48.35,7.0,5.3,4.1,3.4,5.6,4573.0,4.8,16.0,4.3,5.3,75.4,19.0,7.1,2.1,2.5,0.1,3.0,63.47,68.34
48.0,0,1.85,18.41,62.76,5.8,5.3,5.5,1.5,2.3,5250.0,4.8,4.0,4.3,5.5,41.6,21.6,3.9,3.1,1.4,2.9,18.0,50.95,65.44
19.0,1,1.67,24.74,68.76,6.9,6.1,5.0,4.7,5.8,6020.0,3.5,46.0,6.1,4.8,92.8,15.3,7.1,1.3,1.9,0.2,11.0,78.47,63.36
49.0,0,1.76,23.86,73.65,6.5,6.4,3.5,5.9,8.6,7076.0,2.9,53.0,8.1,1.7,108.7,24.1,6.5,0.4,2.0,1.1,16.0,87.02,61.89
26.0,0,1.88,23.78,84.27,6.8,5.0,5.2,4.4,5.4,5248.0,3.3,21.0,5.3,5.7,110.3,13.0,8.5,1.4,2.7,3.4,33.0,60.3,64.08
63.0,0,1.65,28.59,77.9,7.2,6.1,5.7,2.7,5.3,9658.0,3.3,92.0,1.5,10.0,72.6,23.4,4.1,0.0,2.1,2.4,9.0,67.5,51.52
25.0,1,1.58,26.99,67.14,6.9,7.0,6.2,4.1,4.7,3251.0,1.0,0.0,5.6,5.2,65.0,15.0,2.4,1.8,3.0,0.0,35.0,73.93,58.5
37.0,1,1.55,27.91,67.03,6.7,6.6,4.6,2.0,5.7,6340.0,3.4,38.0,5.7,4.8,90.4,26.7,4.0,2.0,1.2,1.0,21.0,71.38,62.07
22.0,1,1.76,25.15,77.65,6.5,6.3,6.5,5.6,6.8,4682.0,3.2,25.0,5.6,4.8,106.6,19.6,5.4,3.2,2.1,0.1,10.0,77.79,46.48
65.0,0,1.55,37.11,89.09,6.7,5.8,2.4,4.1,5.9,4568.0,2.7,9.0,4.7,6.1,93.1,27.3,5.1,1.3,2.1,2.2,14.0,53.86,64.68
42.0,1,1.67,25.77,71.89,6.4,4.3,4.2,1.3,3.7,4612.0,1.8,16.0,6.4,3.7,95.8,33.7,4.2,1.9,2.4,6.9,6.0,48.45,57.74
46.0,0,1.73,20.92,62.96,7.4,6.5,1.3,3.5,5.0,6093.0,2.5,42.0,6.1,4.9,112.8,37.7,1.2,0.6,1.5,2.1,60.0,68.55,76.41
21.0,1,1.71,18.74,55.11,5.8,4.9,4.5,4.7,6.8,6174.0,3.8,29.0,6.0,4.7,75.2,5.0,5.9,1.1,3.0,0.5,17.0,63.64,56.87
53.0,1,1.73,16.07,48.32,5.2,4.3,5.7,3.5,6.1,5192.0,3.0,22.0,6.8,2.8,85.6,18.3,8.9,0.0,2.0,0.9,1.0,52.87,49.87
28.0,1,1.72,27.11,79.99,5.7,2.3,4.6,3.6,6.5,4237.0,1.0,0.0,5.1,5.8,122.7,22.6,5.9,1.3,1.3,7.5,6.0,32.45,45.62
60.0,1,1.8,24.22,78.67,6.4,6.4,5.8,2.2,5.0,4253.0,1.0,0.0,5.0,5.1,86.1,28.7,6.2,1.2,2.0,0.5,15.0,62.14,60.25
28.0,1,1.62,29.83,78.66,6.6,5.6,4.4,4.8,6.7,6282.0,1.9,27.0,8.8,1.1,64.7,11.8,6.1,1.8,1.8,1.6,1.0,81.68,58.2
27.0,0,1.65,25.13,68.07,6.9,6.6,6.6,3.0,4.9,4578.0,2.8,20.0,7.1,2.4,76.6,17.1,5.8,0.9,3.7,1.0,0.0,74.35,46.91
20.0,1,1.64,33.95,91.1,4.8,4.1,6.7,0.8,5.1,5103.0,2.0,11.0,7.7,2.5,71.2,26.0,6.9,1.6,2.6,2.9,9.0,40.88,40.45
40.0,0,1.77,20.11,62.74,5.1,3.4,7.0,3.4,6.4,5676.0,1.9,28.0,8.5,2.5,97.1,25.7,5.8,1.2,2.0,4.0,6.0,50.06,33.0
45.0,1,1.77,26.86,84.33,6.1,5.6,5.1,5.5,6.5,4953.0,4.2,19.0,7.1,3.8,72.1,28.0,4.4,1.2,1.9,0.8,9.0,70.91,53.24
21.0,0,1.74,23.03,69.42,7.3,6.0,2.6,3.4,5.5,5436.0,2.6,34.0,7.9,2.5,95.4,28.5,3.4,1.6,2.6,2.2,5.0,77.8,57.65
54.0,0,1.79,18.9,60.87,4.8,4.1,7.3,6.6,8.3,4589.0,2.3,5.0,2.8,7.8,75.3,27.7,4.5,1.5,2.6,1.6,3.0,27.51,27.62
39.0,0,1.61,30.6,78.89,6.3,6.3,4.8,4.6,6.5,7510.0,4.6,66.0,6.4,4.9,47.5,26.5,5.6,2.3,0.5,0.7,18.0,64.84,57.61
43.0,0,1.83,22.65,76.14,6.2,7.0,3.7,4.5,5.3,5075.0,3.8,14.0,5.6,4.2,96.1,25.4,4.4,1.4,2.4,0.6,11.0,76.84,57.34
39.0,0,1.82,22.7,75.35,7.1,6.8,4.5,3.8,5.4,6457.0,2.6,25.0,9.4,0.0,93.0,30.3,5.6,1.2,2.0,1.5,3.0,81.32,55.33
37.0,1,1.76,23.02,71.22,5.0,4.9,8.0,3.9,7.7,4927.0,3.4,7.0,7.9,3.4,100.4,7.1,5.9,1.3,1.2,0.3,6.0,58.36,19.61
44.0,0,1.84,20.45,69.43,6.0,5.4,3.1,3.6,6.2,5685.0,2.8,16.0,4.7,4.7,76.5,37.4,6.7,0.8,2.5,3.3,13.0,56.17,61.68
25.0,0,1.57,43.07,105.83,7.3,7.6,5.0,3.5,3.1,4879.0,2.3,21.0,6.7,2.6,74.4,7.4,7.6,1.1,3.3,0.1,1.0,68.5,60.16
27.0,1,1.66,31.92,87.76,5.4,4.6,6.6,4.8,8.0,5208.0,3.5,14.0,6.3,1.9,98.0,16.4,5.2,3.5,2.3,0.2,2.0,42.73,40.4
59.0,0,1.64,30.01,80.84,5.3,5.6,5.6,2.6,5.7,3725.0,2.7,5.0,6.9,3.7,120.4,23.2,2.4,0.6,2.7,0.8,1.0,48.07,43.95
62.0,1,1.76,23.2,71.68,6.1,6.2,5.1,2.4,4.0,5466.0,3.1,26.0,4.0,4.4,90.2,30.4,4.3,1.2,3.1,0.3,25.0,69.06,54.0
36.0,1,1.62,32.59,85.11,5.7,5.8,6.9,2.3,5.0,4871.0,1.0,0.0,6.7,2.5,98.5,5.0,5.1,1.1,1.5,1.3,21.0,58.49,54.21
31.0,1,1.76,25.09,77.77,6.3,6.2,5.7,7.1,8.2,6435.0,3.9,46.0,5.5,5.0,83.6,24.8,1.3,1.3,0.9,1.0,21.0,71.13,39.33
48.0,1,1.81,21.5,70.39,6.9,5.7,4.0,4.8,6.3,10471.0,2.4,99.0,6.6,4.2,59.1,31.3,7.8,1.2,2.4,2.6,19.0,83.07,64.13
37.0,0,1.76,21.23,65.45,4.7,4.0,6.4,4.5,8.0,4861.0,3.5,6.0,4.6,4.8,109.3,33.0,5.3,1.8,1.9,6.1,17.0,35.32,40.53
19.0,1,1.72,23.18,68.79,5.5,4.7,6.0,2.4,4.1,7229.0,1.9,45.0,4.8,5.0,108.2,19.4,5.8,0.0,1.2,2.8,10.0,49.24,45.52
25.0,0,1.62,8.54,22.44,6.3,5.7,4.0,4.9,5.1,5666.0,3.5,38.0,8.3,0.8,104.2,22.6,7.7,2.5,2.0,0.4,15.0,79.92,69.13
52.0,0,1.63,27.46,73.16,6.8,5.1,5.5,3.8,5.8,7507.0,3.1,54.0,3.9,5.6,86.4,20.1,3.7,2.1,2.4,5.5,1.0,58.58,49.44
49.0,1,1.8,19.34,62.67,8.2,7.8,1.6,4.3,6.2,7685.0,3.4,63.0,4.0,6.2,101.9,21.9,6.1,0.3,1.9,1.0,15.0,81.63,77.66
19.0,0,1.76,30.23,93.89,7.2,6.4,3.5,2.5,5.7,6298.0,2.7,29.0,5.9,3.6,107.9,16.7,4.8,0.0,1.5,1.3,23.0,62.93,62.15
28.0,1,1.7,24.41,70.29,6.4,6.0,3.7,4.2,6.3,5354.0,5.0,36.0,4.5,5.3,122.4,17.9,4.6,0.5,1.9,1.1,10.0,63.33,60.22
29.0,1,1.67,18.78,52.17,6.1,5.7,6.5,3.4,4.9,5323.0,2.1,19.0,4.2,4.3,109.8,28.5,3.5,1.3,2.0,0.7,7.0,61.27,45.62
50.0,1,1.54,29.28,69.25,5.7,3.9,4.5,2.9,5.9,4897.0,4.0,13.0,6.2,4.9,91.3,26.1,8.3,4.1,0.8,4.5,5.0,54.67,58.17
19.0,1,1.61,20.84,54.31,7.0,5.9,5.1,5.1,7.2,4916.0,2.0,32.0,3.0,7.5,63.8,28.9,4.2,2.0,1.9,0.8,15.0,63.11,54.19
23.0,0,1.85,22.46,77.1,7.0,5.4,3.7,1.7,2.9,3557.0,1.0,0.0,4.0,6.8,93.1,26.7,6.4,0.0,1.2,1.7,18.0,50.03,62.81
56.0,0,1.6,29.14,74.36,6.6,6.8,4.3,4.8,8.0,4199.0,3.6,19.0,10.0,1.3,95.1,30.6,1.2,0.8,2.4,0.5,31.0,88.24,52.43
26.0,1,1.72,28.68,84.37,5.4,4.2,7.7,5.0,7.2,7404.0,3.1,63.0,6.9,2.3,104.2,32.0,7.4,1.4,1.1,3.2,6.0,61.29,22.06
49.0,0,1.78,18.34,58.14,6.5,3.6,5.8,2.7,4.7,6452.0,2.5,36.0,4.5,5.1,117.1,11.1,7.1,1.8,2.6,3.0,22.0,63.0,55.44
29.0,1,1.6,27.56,70.51,6.5,6.2,7.3,2.8,4.9,7534.0,3.1,57.0,6.8,1.3,88.1,18.2,5.2,0.2,1.8,0.7,12.0,88.77,49.22
23.0,1,1.71,16.84,49.52,6.9,6.1,4.9,3.7,4.6,8844.0,3.3,79.0,7.1,6.0,132.0,23.1,4.5,1.4,1.7,2.3,32.0,79.74,66.34
29.0,1,1.78,25.56,80.52,5.8,4.0,5.0,4.4,5.9,5261.0,4.8,30.0,8.0,1.9,54.8,24.8,5.8,0.8,2.2,2.4,11.0,70.01,45.57
52.0,0,1.7,26.88,77.78,6.0,4.8,6.7,3.8,5.8,6830.0,2.1,38.0,5.7,5.3,98.4,19.6,9.6,0.4,1.5,1.7,11.0,64.11,55.43
58.0,0,1.93,20.8,77.44,5.6,4.5,5.0,4.7,6.5,5550.0,2.4,26.0,8.0,0.8,74.0,32.3,1.5,1.8,2.2,1.8,13.0,74.08,42.93
57.0,0,1.57,28.54,70.02,5.7,4.7,4.3,6.6,9.9,4736.0,3.3,12.0,1.9,9.1,51.9,40.8,6.6,2.3,1.6,1.7,21.0,43.72,59.66
37.0,0,1.78,23.93,76.22,7.2,7.3,2.6,3.2,5.5,5144.0,2.7,11.0,3.9,8.0,86.0,26.5,3.2,2.3,1.7,0.2,50.0,61.82,81.22
49.0,1,1.69,33.08,94.07,5.1,4.4,6.0,1.4,4.3,6100.0,2.9,43.0,6.3,3.6,60.9,25.7,5.0,2.1,2.2,2.2,1.0,47.88,47.45
28.0,0,1.76,21.18,65.72,6.2,5.4,5.1,5.2,7.2,6579.0,4.1,41.0,6.7,2.3,86.8,31.8,4.5,1.0,1.3,1.3,1.0,69.36,47.59
32.0,0,1.74,23.94,72.08,6.0,6.0,4.7,6.5,9.6,9668.0,1.0,91.0,4.2,5.7,90.7,10.1,4.1,2.2,1.2,1.2,42.0,71.54,63.75
60.0,0,1.64,19.94,53.71,6.8,5.5,3.1,4.6,7.0,7801.0,2.4,68.0,6.5,1.3,112.4,25.2,5.0,1.8,2.1,3.9,11.0,80.21,55.17
19.0,1,1.72,19.3,56.98,6.8,5.6,5.8,2.4,4.4,5017.0,1.3,12.0,4.8,5.2,59.8,32.8,2.7,1.6,2.0,0.0,14.0,63.54,43.67
22.0,1,1.55,29.69,71.47,7.3,6.4,2.6,3.8,5.8,8144.0,1.8,65.0,5.4,5.4,108.2,19.9,7.1,0.9,2.1,0.6,10.0,72.22,73.61
28.0,0,1.75,28.32,86.56,7.4,7.0,4.3,2.3,3.4,5590.0,5.0,27.0,8.0,1.9,92.0,15.2,1.4,1.0,2.2,0.3,1.0,83.46,57.08
19.0,0,1.72,22.26,66.16,6.7,5.8,6.8,5.0,7.5,8014.0,3.6,68.0,7.8,1.9,110.6,23.5,6.1,1.6,2.0,0.1,22.0,87.2,47.59
27.0,0,1.75,21.67,66.46,6.3,6.9,6.0,2.0,3.9,5360.0,4.0,18.0,4.0,6.5,81.4,24.5,4.3,3.9,2.4,0.6,21.0,64.71,65.22
45.0,0,1.78,20.06,63.9,5.2,2.5,6.3,3.5,5.0,4448.0,2.9,1.0,3.9,6.7,63.4,17.7,2.7,1.8,2.1,8.9,6.0,18.73,28.0
38.0,1,1.73,20.72,61.98,5.8,5.1,5.7,2.5,5.6,4610.0,3.8,10.0,5.2,3.2,65.7,41.8,5.4,0.9,0.8,0.6,5.0,59.18,60.92
60.0,1,1.71,25.4,74.42,7.2,5.6,3.9,4.2,4.9,5446.0,1.2,15.0,5.9,4.1,64.2,21.2,1.9,0.7,1.0,2.2,27.0,62.9,62.85
56.0,0,1.63,17.9,47.54,6.6,6.7,4.3,3.5,5.0,5004.0,4.0,11.0,4.7,7.8,99.6,15.8,5.1,1.0,3.2,0.3,1.0,65.23,61.63
34.0,0,1.64,33.05,89.21,5.5,4.5,4.6,4.3,7.3,3321.0,2.2,4.0,8.1,0.6,119.5,24.3,2.2,3.7,2.0,1.8,32.0,45.0,55.66
30.0,1,1.79,18.63,60.02,5.5,3.1,3.2,4.0,6.3,7152.0,2.5,64.0,6.7,3.2,78.7,32.3,5.9,1.1,2.6,8.3,4.0,54.06,49.79
36.0,0,1.81,24.54,80.83,6.7,5.6,5.4,2.5,4.5,9874.0,3.5,88.0,6.8,5.1,102.6,25.1,3.2,2.4,1.8,0.7,13.0,80.83,48.27
46.0,1,1.68,18.03,50.95,6.0,4.7,4.3,4.9,7.2,3877.0,1.0,0.0,3.5,7.6,59.5,28.9,4.1,1.1,2.0,3.8,41.0,45.98,58.39
31.0,0,1.7,27.57,80.03,4.7,1.4,3.5,3.9,6.1,8641.0,3.1,76.0,8.3,1.2,93.6,18.0,5.6,1.8,1.7,10.0,17.0,44.49,46.59
47.0,0,1.63,30.23,80.08,6.6,5.6,7.2,2.5,3.0,4650.0,1.6,1.0,1.0,9.2,103.4,36.9,3.5,2.3,3.5,1.8,8.0,44.21,43.57
37.0,0,1.79,23.55,75.76,5.3,4.6,6.8,7.4,9.0,6512.0,3.1,42.0,7.7,2.3,61.0,29.5,4.9,0.9,2.2,0.7,18.0,64.23,33.34
44.0,1,1.75,17.92,55.08,5.3,5.1,7.8,4.7,8.3,4019.0,1.0,0.0,7.9,1.4,85.9,33.4,2.0,0.9,1.7,2.2,6.0,54.08,8.53
38.0,1,1.86,21.42,73.74,6.4,4.8,4.3,3.8,5.1,6692.0,2.5,52.0,5.1,4.8,104.3,27.9,6.3,3.2,1.0,3.7,5.0,66.26,58.52
32.0,0,1.63,19.67,52.25,6.7,6.2,2.6,6.1,7.8,4185.0,1.0,0.0,8.5,1.2,40.0,31.6,8.5,2.5,3.2,0.4,60.0,78.64,90.31
63.0,0,1.67,23.75,66.21,5.9,5.3,5.2,6.8,8.2,6929.0,2.1,44.0,5.9,4.2,116.7,18.0,10.6,2.3,1.9,1.2,21.0,76.06,66.35
54.0,0,1.72,28.93,85.44,6.8,7.0,5.1,3.8,5.7,6259.0,3.0,42.0,6.1,3.1,97.1,21.1,5.2,2.3,2.4,0.8,16.0,83.84,63.5
25.0,0,1.75,26.71,81.95,6.0,6.1,7.5,4.5,5.9,5678.0,4.5,36.0,6.7,2.0,104.3,35.8,6.6,2.0,2.5,0.7,7.0,77.95,58.05
59.0,0,1.68,24.8,70.23,4.9,4.1,5.9,2.5,5.0,5986.0,2.3,11.0,10.0,0.0,81.7,37.5,1.4,3.5,1.7,3.9,1.0,60.91,43.91
41.0,0,1.63,20.84,55.38,6.3,4.9,4.4,3.8,6.0,7113.0,4.1,53.0,8.7,3.0,55.5,15.8,8.0,1.5,2.4,1.1,0.0,82.16,52.69
60.0,1,1.77,25.42,79.68,6.0,5.3,6.0,3.7,6.5,6345.0,5.0,45.0,7.4,2.7,100.7,27.0,6.6,2.1,1.6,0.8,12.0,83.72,54.53
56.0,0,1.76,22.75,70.29,6.6,6.3,2.8,4.3,5.2,6341.0,3.2,33.0,4.2,5.5,88.3,21.6,4.0,0.0,1.4,1.9,22.0,65.72,66.15
38.0,0,1.63,13.3,35.2,7.1,5.9,6.2,4.5,6.2,7145.0,2.5,53.0,6.3,4.5,90.6,19.4,7.5,0.7,2.7,0.5,12.0,76.98,48.23
19.0,1,1.81,24.99,81.74,7.1,6.6,2.8,4.8,6.6,5654.0,2.2,37.0,4.4,5.5,111.8,27.3,4.5,0.3,1.9,0.5,28.0,67.99,62.77
31.0,0,1.79,21.65,69.64,5.5,4.4,7.2,4.4,6.8,7034.0,4.3,47.0,7.6,4.2,105.2,34.1,4.1,2.8,2.3,1.5,1.0,57.09,38.66
43.0,1,1.71,30.08,88.04,6.8,5.7,3.5,2.2,3.4,4725.0,4.3,19.0,6.3,3.7,128.4,28.6,6.0,0.0,2.2,1.1,7.0,58.55,65.74
48.0,0,1.71,18.4,53.57,6.0,6.4,6.6,2.6,5.5,7088.0,4.4,38.0,3.8,6.9,93.1,22.4,2.9,1.1,2.4,0.7,4.0,71.26,39.62
30.0,1,1.74,7.35,22.35,6.3,6.3,6.4,3.2,6.4,7212.0,3.0,49.0,6.2,3.1,76.2,29.1,7.0,0.0,1.1,0.1,9.0,78.43,54.4
25.0,1,1.63,27.89,74.19,5.7,5.6,6.0,3.6,4.6,5129.0,4.0,21.0,4.3,6.2,86.2,22.1,2.9,0.7,1.6,1.5,1.0,55.86,44.46
57.0,1,1.7,25.66,74.37,5.8,5.0,2.4,5.6,7.1,4242.0,3.0,3.0,6.3,4.0,98.3,28.3,2.9,1.0,1.8,3.4,46.0,59.71,72.36
64.0,1,1.53,19.12,44.64,7.0,5.4,3.9,2.3,3.7,7175.0,2.1,45.0,4.3,5.7,110.3,36.2,3.2,2.9,1.5,3.8,4.0,61.13,63.22
43.0,0,1.77,17.66,55.32,7.2,6.3,3.1,3.5,8.1,8560.0,4.1,74.0,6.1,3.4,60.7,8.4,6.5,1.9,2.3,0.5,38.0,82.72,73.52
26.0,1,1.58,44.87,111.33,6.6,5.5,3.1,5.4,7.0,7029.0,4.6,33.0,7.5,1.9,90.2,31.4,3.8,0.7,2.7,1.8,8.0,67.84,62.76
31.0,0,1.82,19.74,65.42,5.7,4.3,5.4,3.6,7.2,7193.0,2.0,44.0,5.9,4.4,122.2,12.7,2.3,2.6,2.8,3.9,60.0,64.67,53.25
19.0,0,1.67,28.91,80.96,6.4,6.7,5.4,4.7,5.4,6216.0,2.0,33.0,5.2,5.4,85.2,34.8,3.8,1.5,1.8,1.1,12.0,72.43,64.74
61.0,0,1.68,21.27,60.24,6.8,4.2,1.7,3.8,4.8,7352.0,3.0,64.0,6.4,3.5,108.6,19.9,4.9,1.5,2.2,5.4,40.0,68.14,70.94
24.0,1,1.65,14.2,38.65,5.1,3.4,8.4,4.4,5.7,5288.0,4.0,23.0,7.4,2.9,99.9,15.3,2.6,0.3,2.3,4.7,0.0,46.52,1.46
45.0,0,1.68,23.98,67.45,7.2,6.2,3.8,3.7,4.8,5664.0,1.9,24.0,3.8,6.2,109.1,30.6,2.7,0.5,2.4,0.5,21.0,61.44,57.5
31.0,1,1.81,20.07,66.02,6.3,6.4,3.8,5.0,6.7,7822.0,3.2,71.0,6.5,3.6,73.8,27.9,9.2,0.7,1.5,0.6,35.0,89.15,74.06
44.0,1,1.5,28.41,64.0,7.2,7.5,3.9,1.7,3.0,5925.0,2.4,21.0,8.6,1.2,73.9,17.0,3.3,1.5,3.1,0.4,2.0,83.09,76.42
49.0,1,1.8,21.02,68.28,7.0,6.6,2.4,3.5,4.6,7524.0,3.7,67.0,7.1,2.9,90.4,15.0,4.4,1.6,2.6,0.4,2.0,87.15,65.9
57.0,1,1.73,24.8,73.96,6.4,4.9,4.0,4.4,7.6,7896.0,2.2,70.0,6.1,6.6,59.4,23.5,4.3,3.0,2.6,4.8,8.0,63.46,58.45
28.0,0,1.6,26.35,67.75,6.2,4.4,3.9,4.8,8.0,6975.0,3.8,54.0,7.3,3.0,84.6,15.4,4.2,1.9,2.7,5.4,41.0,69.96,59.27
19.0,0,1.61,19.59,51.04,5.0,5.2,7.3,6.2,9.2,4372.0,1.0,0.0,6.9,3.7,95.1,16.5,6.2,0.0,2.3,0.1,12.0,53.55,41.35
24.0,0,1.83,22.98,77.29,6.2,5.8,5.4,3.4,5.9,5703.0,2.1,35.0,7.5,2.9,125.7,25.9,6.9,1.8,1.4,1.8,11.0,73.72,55.82
60.0,0,1.62,15.45,40.76,4.4,4.3,6.7,6.2,8.3,4631.0,3.1,26.0,2.0,7.8,98.1,17.3,4.4,0.0,1.9,1.7,2.0,40.2,32.85
59.0,0,1.61,15.18,39.24,7.6,7.1,2.8,3.0,4.5,6011.0,1.1,24.0,2.9,8.4,102.5,28.4,2.5,0.5,1.0,1.0,0.0,62.65,63.86
46.0,0,1.79,25.28,81.09,6.2,5.7,6.3,6.0,7.0,5983.0,2.4,37.0,8.0,1.7,113.3,36.9,7.5,0.7,2.2,2.0,25.0,77.59,52.45
46.0,0,1.73,26.02,77.61,5.7,2.9,6.6,5.2,7.6,6761.0,3.3,55.0,3.0,8.1,70.7,23.8,4.8,0.8,1.9,5.9,1.0,47.92,41.79
49.0,1,1.62,26.18,69.14,8.0,7.3,3.4,2.6,3.5,5088.0,1.2,24.0,6.8,2.9,86.7,26.0,8.5,0.1,2.0,0.4,15.0,84.06,79.5
26.0,1,1.72,16.64,49.07,5.7,5.6,6.4,4.5,5.5,6483.0,1.0,27.0,5.3,3.7,138.5,41.1,0.5,1.7,2.7,0.3,37.0,75.51,47.33
61.0,0,1.62,22.68,59.38,6.2,6.1,7.7,3.9,7.1,5009.0,1.0,22.0,4.0,6.4,88.4,15.5,5.4,0.1,1.7,0.1,4.0,64.18,35.17
38.0,1,1.79,20.66,66.06,6.7,6.0,6.8,4.9,8.8,7918.0,4.3,66.0,6.7,2.2,112.3,34.5,8.8,1.9,1.8,0.9,16.0,78.49,53.85
36.0,0,1.78,14.46,46.06,5.6,5.3,5.5,3.7,6.1,5351.0,2.9,26.0,6.4,4.1,109.3,33.6,4.3,3.7,2.0,0.8,1.0,71.05,46.09
42.0,0,1.74,19.4,58.91,6.2,5.3,3.9,3.5,6.6,3396.0,2.5,0.0,10.0,0.0,60.4,31.8,4.5,0.2,0.9,1.1,14.0,77.42,61.77
20.0,1,1.73,26.69,79.78,5.0,3.7,7.6,6.1,7.8,3629.0,1.0,0.0,4.8,4.9,96.2,35.3,5.6,1.2,1.8,1.4,3.0,36.69,13.2
26.0,0,1.84,26.97,91.41,7.6,6.7,2.5,3.9,4.5,6399.0,2.6,51.0,8.9,0.0,92.9,27.2,3.9,0.0,0.5,2.8,20.0,83.4,68.65
53.0,0,1.7,22.05,63.71,3.7,3.1,9.1,5.2,7.9,4713.0,3.3,4.0,6.7,6.1,96.6,20.3,4.4,1.2,1.6,1.0,5.0,40.31,4.85
22.0,1,1.61,31.56,81.35,7.3,6.5,5.6,3.7,6.2,6385.0,3.0,39.0,4.7,3.7,74.9,33.8,4.3,2.1,2.5,0.8,9.0,68.79,51.23
46.0,1,1.74,13.7,41.29,5.3,3.8,4.5,6.5,8.6,5241.0,1.0,0.0,7.6,2.4,67.7,34.1,3.7,2.2,2.3,3.5,14.0,51.15,41.52
30.0,1,1.87,22.92,79.89,7.0,6.2,2.9,3.0,4.7,5022.0,3.3,23.0,7.1,4.0,80.5,33.8,7.5,1.6,1.6,3.8,3.0,70.79,69.89
36.0,1,1.62,22.11,57.94,6.8,6.2,2.7,3.1,6.0,3571.0,1.0,0.0,6.1,5.0,88.0,25.4,5.9,2.4,2.0,0.5,20.0,66.11,73.83
32.0,1,1.67,26.72,74.61,6.5,5.8,6.0,6.3,7.3,7526.0,2.8,46.0,6.5,4.3,113.7,19.3,5.5,4.0,1.4,0.8,5.0,77.76,54.98
35.0,0,1.73,22.06,66.28,5.5,4.7,4.2,3.3,4.6,7890.0,2.5,56.0,4.8,4.9,126.3,26.5,6.6,3.2,2.0,3.5,16.0,51.57,59.25
52.0,0,1.7,31.23,89.81,6.4,7.1,4.3,6.4,7.4,6081.0,2.7,31.0,4.3,7.0,117.9,32.5,4.5,1.0,3.8,0.2,3.0,62.88,54.23
32.0,0,1.62,21.64,56.88,6.4,6.1,5.1,5.3,7.4,3573.0,1.0,2.0,7.5,3.4,107.2,33.2,3.5,0.0,3.1,0.8,17.0,79.53,36.98
45.0,0,1.79,24.79,79.41,7.0,6.0,3.5,3.8,4.7,5811.0,3.3,16.0,5.6,4.7,69.9,21.6,3.8,1.1,2.0,1.2,2.0,64.85,54.1
40.0,1,1.89,18.51,65.81,6.3,6.3,5.2,1.3,2.6,6456.0,1.8,42.0,5.8,4.4,81.8,27.5,5.0,0.6,2.1,0.4,8.0,77.38,60.93
49.0,0,1.72,22.97,67.63,6.2,5.1,5.7,4.0,5.3,3785.0,1.0,0.0,6.6,3.1,94.2,14.5,2.9,2.0,1.4,0.4,4.0,68.21,48.99
62.0,1,1.63,25.38,67.24,6.2,5.6,4.4,4.2,5.9,6314.0,2.9,29.0,6.5,2.6,77.4,32.9,4.0,0.3,1.5,1.1,21.0,71.91,51.53
52.0,1,1.58,23.07,57.31,6.4,6.3,3.9,5.8,6.3,8948.0,3.1,83.0,3.1,8.1,101.5,18.7,4.0,1.4,2.2,2.8,5.0,69.97,55.73
28.0,1,1.72,23.57,69.79,5.1,4.1,3.6,6.4,8.5,5356.0,3.7,32.0,8.6,2.7,104.4,31.3,9.2,2.3,1.7,3.7,32.0,55.66,68.14
19.0,1,1.79,21.59,69.06,5.2,2.9,4.6,3.0,6.2,4020.0,1.0,0.0,6.2,2.9,100.7,15.8,0.0,1.4,2.5,7.7,33.0,32.12,47.26
30.0,1,1.74,24.37,73.62,6.4,6.1,6.6,5.2,7.3,4426.0,3.4,14.0,5.6,4.3,110.5,33.3,4.6,0.6,2.9,0.2,3.0,72.82,48.18
46.0,0,1.7,24.67,71.27,6.9,6.2,5.5,5.1,8.7,3406.0,3.3,15.0,6.9,3.0,71.9,27.6,8.5,2.7,2.2,0.5,14.0,74.64,61.32
20.0,1,1.65,30.0,81.97,4.7,4.1,7.8,5.6,8.9,8281.0,2.8,79.0,6.5,3.5,108.7,18.7,5.2,0.0,2.1,2.8,1.0,51.53,5.81
41.0,0,1.61,32.24,83.85,6.9,6.5,4.9,4.7,7.5,7952.0,2.1,70.0,7.5,2.5,76.1,30.5,6.5,1.2,1.0,1.6,7.0,72.91,51.31
46.0,1,1.77,17.38,54.24,8.6,7.5,1.2,1.1,3.2,7296.0,3.6,65.0,7.1,3.9,71.2,20.3,5.2,1.5,2.4,0.8,19.0,86.14,85.58
34.0,0,1.77,26.41,83.03,5.8,4.3,6.7,3.8,5.8,5568.0,3.7,21.0,7.4,1.8,100.6,31.0,3.7,1.5,1.3,0.5,16.0,70.93,49.63
54.0,1,1.58,21.01,52.2,6.8,6.5,4.3,2.3,5.0,7960.0,3.1,72.0,8.7,0.5,114.3,22.8,0.5,1.7,1.7,0.7,15.0,96.41,59.92
23.0,1,1.83,23.61,78.82,6.1,6.6,3.6,3.7,5.3,4467.0,1.9,4.0,7.8,3.5,99.8,11.2,5.4,2.1,2.6,1.1,5.0,68.53,66.15
22.0,0,1.75,26.01,79.3,6.6,6.0,5.6,5.5,5.6,7353.0,2.5,66.0,5.7,3.9,90.4,17.1,3.4,1.5,2.6,0.4,7.0,78.43,50.64
52.0,0,1.81,12.59,41.33,5.1,2.4,6.8,4.5,6.9,8012.0,2.9,59.0,3.8,5.0,96.2,21.6,3.4,1.1,1.7,6.7,2.0,40.94,24.16
41.0,1,1.59,28.15,71.39,7.4,7.2,4.4,5.7,6.6,5258.0,3.7,32.0,9.3,0.2,92.7,35.9,4.0,1.1,1.8,0.2,19.0,90.06,59.7
50.0,0,1.59,24.89,62.97,6.3,4.4,3.6,4.5,5.6,7144.0,1.4,72.0,5.5,4.1,67.5,32.2,8.5,0.9,1.6,8.5,11.0,57.39,63.21
38.0,1,1.69,20.57,58.62,5.9,4.9,2.7,2.1,4.1,6185.0,2.4,26.0,5.1,6.5,65.1,38.0,9.8,2.3,1.3,3.7,19.0,57.83,79.06
30.0,1,1.74,29.81,90.26,5.9,6.2,6.5,0.5,2.4,3572.0,1.0,0.0,2.5,8.4,88.4,38.2,5.4,0.9,1.6,1.1,4.0,49.87,56.7
56.0,0,1.84,17.71,60.19,7.2,6.3,5.3,4.2,4.8,8699.0,2.9,64.0,6.7,4.5,91.6,20.7,4.1,2.3,1.0,2.7,6.0,68.79,59.44
56.0,0,1.76,18.77,57.9,6.0,5.5,4.5,3.7,5.8,6293.0,1.7,34.0,6.3,4.5,90.2,23.5,2.6,1.5,2.4,2.2,6.0,70.48,52.66
51.0,0,1.68,25.19,71.14,7.1,6.3,4.0,2.5,5.5,7698.0,2.8,55.0,3.0,8.0,103.5,21.7,5.9,1.0,2.2,0.5,0.0,65.13,55.64
31.0,1,1.62,30.67,80.28,7.1,6.6,3.3,1.4,2.3,9205.0,2.7,78.0,6.9,2.4,85.7,19.6,8.6,2.1,2.3,0.8,6.0,78.83,74.08
46.0,0,1.8,20.99,67.88,6.7,5.9,5.1,2.9,6.2,4846.0,2.0,13.0,5.0,4.8,101.3,10.3,4.5,0.8,1.4,1.4,24.0,64.2,52.93
35.0,1,1.62,33.22,87.5,5.4,4.6,5.2,3.7,4.1,4978.0,2.9,15.0,10.0,0.0,87.1,24.9,0.2,2.1,1.3,2.0,34.0,50.93,52.53
22.0,0,1.83,23.27,77.96,5.3,4.6,6.1,5.0,9.1,9433.0,2.5,80.0,4.9,4.9,126.5,14.7,6.3,1.7,2.0,1.6,11.0,52.97,36.31
61.0,1,1.68,13.27,37.33,7.6,6.8,3.6,4.3,5.9,7522.0,3.5,58.0,5.1,5.6,91.6,24.7,7.0,0.9,2.0,1.3,9.0,75.39,66.93
24.0,1,1.83,18.59,62.06,6.4,5.1,6.5,6.4,8.6,4291.0,2.1,11.0,4.3,5.9,136.8,41.9,1.8,2.0,1.9,1.2,0.0,60.07,39.18
63.0,1,1.75,20.01,61.57,6.7,6.4,4.2,2.4,2.6,4768.0,3.1,8.0,8.6,2.8,97.0,20.9,5.4,2.0,1.8,1.4,32.0,70.37,76.49
39.0,0,1.69,27.06,77.19,6.3,5.3,4.3,5.3,7.3,4180.0,2.2,21.0,5.3,3.6,85.7,26.6,5.9,2.7,3.0,1.1,0.0,64.22,54.08
27.0,1,1.66,11.14,30.63,7.1,6.1,3.0,4.1,6.3,5665.0,2.4,17.0,4.6,6.0,72.0,32.3,4.9,2.5,2.3,1.6,43.0,59.98,73.02
43.0,1,1.67,38.68,108.24,5.3,4.1,6.8,5.0,7.0,6082.0,3.3,24.0,7.4,1.3,61.1,27.2,3.4,2.0,3.2,4.4,10.0,44.56,40.27
59.0,1,1.73,25.92,77.97,6.0,4.8,6.0,3.3,4.8,6717.0,3.2,35.0,3.2,6.9,70.2,27.3,7.0,0.4,2.8,2.0,6.0,53.08,50.31
52.0,1,1.71,24.81,72.23,6.2,4.2,3.9,5.6,6.7,7310.0,2.6,46.0,7.3,3.5,72.4,22.1,4.2,3.9,3.0,2.6,39.0,74.43,63.98
56.0,0,1.65,32.12,87.72,4.7,4.0,6.2,4.4,7.6,3958.0,1.0,0.0,9.6,0.2,97.9,23.1,2.0,0.1,1.4,1.8,0.0,46.01,26.57
49.0,0,1.69,36.96,105.15,6.7,5.1,3.7,3.0,5.0,5177.0,1.5,21.0,7.1,3.4,79.5,17.3,0.9,2.4,2.4,2.1,13.0,58.22,54.51
51.0,1,1.71,28.53,83.06,5.5,5.2,5.9,4.0,7.5,3385.0,1.0,0.0,7.3,1.8,93.7,31.8,7.5,1.9,1.7,1.7,12.0,48.19,51.56
58.0,0,1.53,36.0,84.23,5.9,5.2,7.1,3.6,5.1,6085.0,3.7,20.0,7.7,0.6,115.6,11.1,6.2,0.3,1.0,0.1,4.0,63.59,45.88
30.0,1,1.74,23.86,71.96,3.4,1.4,9.3,4.7,6.3,7459.0,3.7,62.0,9.4,1.1,88.2,32.8,5.2,1.4,2.9,10.0,8.0,46.88,4.35
41.0,1,1.62,25.81,67.88,5.9,5.7,5.5,2.2,5.0,4170.0,1.0,0.0,8.4,3.3,131.6,13.8,4.1,1.4,1.8,0.1,16.0,76.25,48.11
28.0,0,1.61,24.32,62.86,7.3,6.6,4.5,4.0,4.3,7162.0,2.4,51.0,6.9,2.1,66.5,32.7,3.9,2.8,1.4,1.0,19.0,78.14,60.99
64.0,1,1.57,23.52,57.61,7.1,5.6,4.7,4.6,5.4,4370.0,2.7,17.0,7.8,3.4,87.0,22.2,2.8,0.8,1.8,0.2,0.0,77.31,53.28
62.0,0,1.56,24.64,59.69,7.5,7.0,1.4,4.0,7.1,7101.0,1.1,66.0,4.2,5.8,79.2,15.1,4.1,1.2,1.5,0.2,41.0,78.78,81.32
20.0,1,1.59,19.64,49.74,5.2,4.2,7.0,6.0,6.8,6144.0,3.9,36.0,7.6,1.1,108.7,29.6,0.8,0.0,1.6,3.2,3.0,54.99,20.55
51.0,1,1.64,25.5,68.86,5.1,4.1,9.2,5.2,5.3,6095.0,4.5,39.0,4.0,4.9,45.2,32.4,3.5,3.2,1.9,1.1,4.0,45.06,13.57
61.0,1,1.86,12.98,44.73,5.4,4.4,8.2,4.0,7.9,5793.0,5.0,31.0,5.3,4.7,61.1,21.5,4.4,0.4,3.0,3.2,5.0,45.61,9.27
26.0,0,1.66,26.51,72.86,6.6,5.9,6.9,4.3,4.9,8798.0,2.0,71.0,1.0,8.6,87.9,30.8,6.2,1.8,1.6,0.6,1.0,68.48,57.44
45.0,0,1.71,23.64,69.46,6.4,5.9,6.3,4.4,6.6,6685.0,3.1,43.0,6.8,1.9,121.0,6.7,4.9,1.4,3.0,0.6,2.0,82.27,44.62
61.0,1,1.73,24.07,72.2,6.9,6.4,3.2,4.6,6.7,5423.0,4.3,17.0,4.7,3.6,94.5,14.4,6.6,1.4,2.5,0.6,60.0,74.51,86.24
20.0,1,1.71,21.25,62.17,8.0,6.6,1.0,1.3,1.0,6980.0,2.7,46.0,8.2,0.9,63.0,35.3,7.7,2.3,2.2,1.9,6.0,85.43,83.05
51.0,1,1.69,40.49,116.15,5.0,4.1,6.2,3.5,5.3,4232.0,2.4,7.0,6.8,3.4,66.1,23.2,7.1,3.2,2.4,3.4,2.0,33.77,55.11
32.0,0,1.6,35.12,90.4,6.4,5.7,4.1,1.8,4.2,5096.0,1.1,27.0,8.2,1.7,123.5,10.1,5.9,1.8,2.0,1.2,2.0,69.62,64.68
61.0,0,1.82,15.56,51.33,6.7,6.3,4.5,5.9,8.3,5540.0,4.1,23.0,3.8,5.7,77.6,19.4,5.0,2.2,2.8,1.0,19.0,73.02,66.19
64.0,0,1.84,21.6,73.49,4.7,2.3,4.5,3.9,6.8,4983.0,3.0,16.0,8.1,2.1,71.1,17.6,3.0,1.8,2.3,7.3,29.0,36.24,50.45
62.0,1,1.57,24.84,60.88,6.7,5.8,4.5,3.7,5.3,6971.0,2.3,42.0,10.0,1.0,119.5,23.7,6.5,2.5,1.0,0.2,4.0,88.4,60.73
40.0,0,1.62,20.92,54.78,5.7,4.8,4.7,5.3,8.1,6167.0,3.3,37.0,7.5,2.9,110.2,22.0,8.4,1.0,2.2,1.3,0.0,74.83,47.91
59.0,0,1.68,17.73,49.9,6.1,6.3,5.5,4.6,5.9,7809.0,3.2,66.0,7.6,2.3,115.5,26.4,5.7,2.6,2.5,1.1,4.0,82.21,53.63
58.0,1,1.62,29.04,76.48,7.1,7.1,3.2,2.3,2.9,5452.0,3.2,26.0,6.3,4.6,71.0,24.4,8.8,2.6,1.8,0.2,1.0,71.12,72.09
33.0,0,1.74,19.73,59.78,7.0,7.0,6.1,3.9,4.6,3541.0,1.0,0.0,5.0,4.1,59.5,35.9,1.9,2.6,2.1,0.6,2.0,66.41,46.33
57.0,1,1.64,31.36,84.52,7.6,7.7,3.0,3.5,4.0,5506.0,4.6,13.0,7.5,2.3,92.7,28.4,2.7,0.8,1.6,0.1,8.0,71.55,68.61
20.0,1,1.87,24.2,84.91,5.6,4.0,4.5,1.4,4.4,4570.0,1.0,0.0,3.0,6.8,96.7,28.7,6.7,1.3,1.2,4.2,4.0,44.39,54.45
46.0,1,1.8,28.11,90.61,8.0,7.0,2.7,3.0,3.5,6513.0,4.6,52.0,5.2,3.6,97.3,34.3,5.5,1.7,1.1,1.9,11.0,69.93,73.81
29.0,0,1.72,19.41,57.21,5.8,4.7,4.1,3.7,6.0,4402.0,1.0,0.0,2.5,7.1,119.6,21.9,7.6,0.1,1.1,3.4,4.0,45.65,52.64
24.0,0,1.78,24.28,77.13,7.2,6.6,3.8,3.8,5.6,3546.0,3.4,8.0,4.6,3.3,55.3,14.9,5.0,3.1,2.4,1.5,42.0,67.15,69.64
22.0,1,1.79,24.85,79.49,8.7,7.3,1.3,1.8,3.7,6388.0,2.9,32.0,7.3,4.6,107.2,34.7,3.3,1.5,0.5,1.8,35.0,73.07,85.04
51.0,1,1.65,22.96,62.89,6.7,5.7,5.0,5.7,9.1,8537.0,4.0,81.0,7.0,2.1,68.1,26.1,4.6,1.8,1.6,2.4,13.0,84.52,52.09
34.0,1,1.63,21.86,58.42,5.1,3.7,6.8,3.8,5.4,4180.0,1.0,0.0,6.1,5.5,107.1,26.1,1.9,0.9,1.5,4.8,7.0,38.79,28.05
52.0,0,1.71,32.34,94.14,7.0,6.8,4.0,4.1,6.7,4381.0,2.1,22.0,6.3,3.7,80.5,19.9,2.7,0.2,1.8,0.2,7.0,66.34,51.93
21.0,1,1.77,23.46,73.41,5.8,5.8,7.9,4.6,6.6,6200.0,2.0,47.0,2.2,8.3,73.7,20.1,6.9,0.9,0.9,0.8,8.0,54.68,29.04
33.0,1,1.71,27.17,79.54,5.7,4.9,5.9,2.8,4.7,8900.0,3.4,78.0,5.3,4.3,77.8,31.8,6.7,1.7,2.2,2.5,20.0,73.25,60.97
43.0,1,1.57,23.28,57.67,4.8,3.0,5.4,4.7,9.0,7107.0,2.1,58.0,4.6,5.6,61.1,32.9,5.7,2.2,1.2,6.4,9.0,38.72,35.43
55.0,1,1.64,19.33,51.71,5.7,3.3,3.3,3.4,4.0,7859.0,2.9,71.0,4.7,6.0,90.8,31.3,1.6,1.7,2.7,7.9,29.0,56.88,55.86
33.0,1,1.69,21.41,61.46,6.5,6.4,4.1,2.7,5.9,8466.0,4.1,63.0,7.2,3.5,74.5,31.3,4.3,1.8,1.6,2.0,43.0,82.12,76.22
47.0,1,1.69,23.75,68.14,7.1,5.7,4.3,4.9,7.5,5117.0,3.3,0.0,4.3,6.5,105.7,29.6,2.6,1.2,1.9,0.4,6.0,57.45,47.88
60.0,0,1.86,15.66,54.04,7.8,6.7,2.2,6.2,7.8,7548.0,2.3,51.0,4.8,4.8,102.8,26.1,7.4,2.0,2.0,0.3,12.0,72.02,73.0
47.0,0,1.59,27.66,69.85,5.3,3.8,6.1,5.1,8.7,6952.0,4.4,58.0,1.8,7.7,123.8,23.6,3.8,3.0,2.1,5.8,1.0,34.64,41.4
29.0,0,1.74,14.75,44.67,6.5,6.0,5.7,5.4,5.5,5173.0,3.5,5.0,5.4,3.0,97.3,34.7,2.8,2.2,2.0,1.1,3.0,63.32,51.83
19.0,0,1.82,16.08,53.2,5.7,5.5,5.1,3.2,4.7,4259.0,4.0,17.0,3.8,6.7,100.4,22.0,5.1,2.3,1.7,0.4,8.0,62.33,60.04
59.0,0,1.88,22.61,80.06,6.6,5.0,3.9,1.6,2.4,4636.0,1.0,13.0,6.2,4.9,118.0,28.0,3.7,1.8,2.2,5.4,3.0,58.09,57.36
19.0,0,1.67,28.43,79.06,6.6,6.3,6.3,6.2,8.6,7357.0,3.3,55.0,4.1,7.5,77.4,18.6,8.0,0.0,2.3,0.2,31.0,69.69,58.6
59.0,0,1.74,21.2,64.12,4.9,3.9,4.3,7.1,8.0,7020.0,3.8,34.0,6.2,4.1,60.2,19.7,3.5,0.5,1.5,2.6,3.0,47.28,46.94
43.0,0,1.75,17.96,54.73,6.2,5.7,5.0,6.3,8.7,5976.0,4.7,25.0,5.7,3.5,94.0,23.1,2.2,2.0,2.3,2.0,9.0,69.38,44.97
62.0,1,1.72,18.55,54.59,5.3,5.2,6.5,3.5,5.3,3768.0,1.0,0.0,9.3,0.0,61.5,18.6,0.7,1.5,2.7,0.2,14.0,62.57,38.07
56.0,1,1.69,22.49,64.4,6.5,5.8,2.5,2.3,3.8,5803.0,4.2,38.0,7.0,4.0,139.1,31.4,4.9,1.9,2.4,0.8,18.0,71.81,77.07
65.0,0,1.73,26.47,79.67,7.7,7.4,3.5,2.4,4.8,5760.0,4.6,21.0,2.3,5.9,119.1,14.2,3.9,3.2,2.6,0.3,7.0,66.62,77.5
34.0,1,1.5,37.43,83.92,6.4,5.9,4.2,1.5,3.2,5468.0,1.0,29.0,3.5,6.2,133.3,25.8,2.1,2.2,2.1,1.9,30.0,51.76,73.24
54.0,1,1.75,20.32,62.55,6.5,5.9,2.7,3.8,4.8,4422.0,3.5,5.0,6.1,3.7,91.2,26.1,7.4,2.8,1.4,1.3,13.0,69.98,73.93
37.0,0,1.71,18.02,52.7,6.1,6.7,6.5,6.4,11.2,5560.0,3.6,37.0,4.1,5.8,101.0,10.5,6.3,1.6,1.5,0.0,9.0,67.88,44.96
41.0,0,1.68,26.16,74.02,5.2,3.6,4.5,3.8,5.3,5655.0,2.7,23.0,1.0,9.0,80.8,21.5,4.9,0.7,2.2,7.4,1.0,21.43,41.76
47.0,1,1.86,16.6,57.65,6.9,6.7,3.0,4.5,4.2,4340.0,2.5,2.0,8.7,1.4,107.7,27.0,7.7,1.4,2.6,0.9,9.0,75.76,75.54
59.0,1,1.65,22.97,62.23,6.9,7.6,1.5,6.1,7.2,3515.0,3.7,2.0,7.4,0.1,65.7,28.4,6.3,0.7,3.7,0.6,26.0,79.99,76.64
64.0,1,1.67,32.31,89.88,6.7,6.1,5.1,3.4,4.1,4516.0,1.0,0.0,7.0,3.0,40.0,23.4,3.4,3.1,2.6,0.5,14.0,61.27,57.49
54.0,0,1.86,23.84,82.41,6.1,5.5,4.2,7.1,9.9,6105.0,2.8,30.0,4.8,3.0,74.2,30.4,2.9,2.3,1.3,0.3,27.0,66.89,57.07
38.0,0,1.63,27.12,72.37,4.1,1.7,5.7,7.0,9.3,6604.0,3.8,37.0,6.9,3.9,60.9,24.1,6.6,2.0,1.5,10.0,10.0,24.49,38.32
38.0,0,1.66,18.57,50.92,6.4,5.8,4.8,3.8,6.2,6416.0,4.8,43.0,4.6,4.9,119.6,25.1,5.8,2.7,3.4,0.7,2.0,79.11,49.55
53.0,0,1.69,25.67,73.17,6.9,6.2,5.0,3.1,4.8,6738.0,3.5,44.0,6.4,1.4,126.3,27.0,5.3,0.0,1.9,1.0,0.0,78.53,59.04
29.0,0,1.77,27.52,85.94,5.5,3.6,5.9,5.0,6.8,4662.0,3.1,10.0,4.2,5.0,61.9,32.4,3.3,2.1,2.0,4.1,5.0,41.59,34.24
23.0,0,1.72,21.84,64.37,7.8,6.9,4.7,3.5,5.1,7969.0,2.5,67.0,9.0,0.4,115.8,19.6,6.2,0.2,1.4,2.1,18.0,87.43,59.8
35.0,1,1.6,35.41,90.27,6.8,5.4,3.3,2.3,4.2,4694.0,2.0,10.0,2.9,8.3,109.0,21.1,3.5,1.5,2.9,0.9,23.0,40.39,59.87
32.0,1,1.66,32.54,89.39,4.4,3.1,8.3,5.9,8.8,6246.0,4.1,27.0,8.5,1.7,58.6,19.6,4.8,1.2,2.3,4.6,5.0,43.31,1.36
32.0,0,1.65,34.82,94.96,6.4,5.3,2.6,5.8,8.2,5732.0,2.8,20.0,6.1,4.3,82.2,22.3,7.9,2.2,1.5,2.8,10.0,50.92,64.2
29.0,1,1.69,25.99,74.58,6.9,6.2,5.5,4.2,6.7,6121.0,4.2,45.0,5.0,6.2,78.4,36.4,3.7,1.7,1.4,0.5,8.0,70.56,46.4
20.0,0,1.73,26.21,78.81,5.4,3.8,6.9,2.1,4.6,5983.0,2.7,25.0,6.3,3.6,105.0,29.6,1.9,2.8,2.2,2.1,8.0,44.88,27.43
19.0,0,1.73,30.35,91.21,5.4,2.9,6.5,2.2,5.0,6330.0,2.4,29.0,7.5,3.3,65.4,16.0,2.9,0.9,2.0,5.1,4.0,33.33,33.0
64.0,0,1.56,31.61,76.71,5.2,4.4,4.0,4.2,6.4,5235.0,3.4,22.0,8.7,2.0,88.0,20.2,7.0,2.2,2.5,1.4,2.0,45.25,57.87
38.0,1,1.79,19.61,62.48,6.6,5.7,4.2,3.3,5.6,7915.0,2.9,61.0,6.6,2.1,76.3,28.0,5.5,1.7,2.3,2.6,3.0,78.62,66.99
36.0,1,1.72,21.38,63.27,5.6,3.5,4.5,3.5,6.7,4933.0,1.8,11.0,4.2,7.3,99.5,17.7,4.7,0.0,1.8,7.1,1.0,38.44,43.67
50.0,1,1.81,22.44,73.58,4.9,4.2,7.0,5.5,6.9,3575.0,1.0,0.0,6.1,2.5,85.7,19.2,4.0,0.6,1.7,2.3,3.0,45.47,31.04
28.0,0,1.74,16.81,50.64,6.5,5.7,4.6,5.1,6.2,4210.0,2.4,7.0,9.6,1.3,79.3,35.8,6.0,1.4,1.9,0.2,0.0,81.09,50.01
63.0,1,1.79,21.22,67.85,6.2,6.0,6.0,6.1,6.9,8274.0,3.9,65.0,8.7,0.0,85.7,20.1,3.3,2.6,1.7,0.6,15.0,91.28,49.3
55.0,0,1.74,28.64,86.45,6.0,4.3,5.4,2.5,4.7,5526.0,3.8,30.0,7.8,2.8,130.7,32.6,5.6,2.0,1.9,1.8,6.0,71.91,52.43
22.0,1,1.81,11.36,37.13,7.1,5.3,6.2,3.5,3.6,6607.0,1.7,35.0,7.6,4.3,81.7,35.0,3.5,0.3,2.0,0.6,54.0,74.13,57.1
38.0,1,1.74,30.66,93.02,3.8,2.1,6.9,5.1,7.6,4652.0,1.0,0.0,7.4,2.4,69.2,19.1,3.2,1.4,1.5,6.3,3.0,21.35,24.86
59.0,0,1.69,30.33,86.84,6.5,5.6,4.7,4.7,6.6,5927.0,2.7,23.0,8.3,1.4,101.7,17.9,3.7,3.5,2.4,1.0,6.0,69.97,62.72
62.0,1,1.88,17.82,63.1,5.9,5.9,4.5,6.3,9.4,5314.0,2.1,5.0,5.1,5.5,87.1,22.8,4.2,1.6,1.8,1.2,7.0,61.41,48.57
40.0,1,1.77,24.91,78.15,5.4,4.7,5.4,4.6,6.0,4432.0,4.7,8.0,3.3,6.4,61.7,16.3,4.9,1.2,1.5,2.4,0.0,35.62,37.9
47.0,0,1.75,22.98,70.05,6.0,6.2,4.9,6.8,8.6,5473.0,2.8,23.0,6.1,5.7,134.6,26.0,5.5,2.0,1.8,1.5,27.0,68.7,63.23
26.0,1,1.6,34.64,88.45,6.0,5.2,4.0,4.8,7.9,6277.0,3.9,35.0,4.4,5.8,83.0,23.4,0.0,2.3,2.1,1.0,0.0,52.0,44.17
65.0,0,1.6,33.23,84.74,6.8,6.6,3.8,5.6,9.0,6303.0,3.5,39.0,3.9,5.8,82.4,27.9,3.4,1.0,2.0,0.2,42.0,64.88,57.24
29.0,1,1.72,16.5,49.0,6.2,5.3,4.4,3.5,4.8,7487.0,3.3,54.0,4.6,4.9,93.2,36.2,4.2,2.0,2.3,1.8,33.0,68.47,65.69
62.0,1,1.71,26.9,78.81,5.6,5.0,3.9,4.0,6.2,3144.0,1.0,0.0,10.0,0.0,124.6,31.5,8.0,1.2,2.5,4.0,12.0,72.28,58.44
49.0,1,1.65,24.55,66.92,5.2,4.3,7.6,5.4,7.7,5879.0,4.2,30.0,6.3,3.1,56.4,28.9,2.8,2.2,2.8,2.3,12.0,52.61,14.9
47.0,1,1.71,24.33,71.24,7.0,6.7,3.4,6.4,8.8,5244.0,2.2,32.0,6.7,2.9,95.5,9.3,5.3,1.7,2.2,1.0,16.0,80.12,71.33
42.0,1,1.83,17.7,59.08,6.0,5.2,6.1,5.1,6.8,3519.0,1.0,0.0,3.6,6.0,131.7,28.5,8.0,2.0,1.4,0.3,7.0,56.82,51.78
29.0,0,1.76,31.22,96.22,5.6,4.2,7.3,3.9,7.2,5324.0,1.7,16.0,2.3,7.0,92.6,38.8,2.4,0.7,1.8,3.4,16.0,36.72,36.65
26.0,1,1.61,33.08,85.6,5.0,3.3,7.1,6.1,6.2,4398.0,3.8,8.0,4.4,7.7,65.3,5.0,5.8,0.7,1.4,5.7,1.0,19.36,28.48
28.0,0,1.69,20.6,58.9,8.1,7.8,2.6,0.7,2.3,7655.0,1.6,55.0,8.9,0.1,77.6,30.5,3.4,2.4,3.0,1.0,1.0,86.62,68.08
27.0,0,1.64,18.68,49.98,6.2,4.0,5.5,1.9,4.3,6075.0,2.7,36.0,6.7,3.5,94.1,23.7,4.0,1.4,3.2,2.6,9.0,72.42,54.52
55.0,0,1.67,23.05,64.21,6.6,5.8,5.0,5.0,7.5,5669.0,3.1,19.0,7.2,3.4,116.6,18.2,3.4,1.8,2.4,1.1,12.0,75.89,51.97
34.0,0,1.67,27.54,76.52,6.9,5.9,2.8,4.0,7.4,7916.0,2.5,67.0,7.5,3.2,83.2,31.4,3.5,1.2,2.5,1.4,33.0,78.21,69.16
21.0,1,1.66,26.65,73.6,4.5,2.5,4.6,4.9,8.1,3023.0,1.0,0.0,4.8,5.1,106.5,38.7,10.4,2.4,2.2,3.6,2.0,34.3,56.51
64.0,0,1.6,34.7,88.8,7.0,6.3,2.8,4.1,5.8,5467.0,1.6,23.0,8.8,1.0,61.3,31.2,6.7,0.9,2.2,0.2,26.0,76.86,71.91
60.0,1,1.69,28.66,81.85,5.4,4.1,7.2,4.9,8.2,2916.0,1.0,0.0,4.7,5.7,61.1,22.0,7.2,1.4,1.0,1.5,4.0,38.92,41.15
62.0,0,1.66,30.86,84.54,5.6,4.2,5.4,2.8,4.1,3274.0,1.0,0.0,8.8,1.5,80.3,17.5,6.0,2.3,2.0,0.5,8.0,56.31,55.71
65.0,0,1.47,34.87,74.9,5.8,5.3,5.0,4.9,7.8,5707.0,3.0,36.0,6.9,2.9,118.8,26.2,1.8,2.7,1.5,0.8,6.0,65.85,39.96
26.0,1,1.86,14.15,49.16,4.8,4.1,5.2,5.5,9.3,3496.0,1.0,0.0,2.4,6.0,91.4,32.0,5.8,1.0,2.2,2.1,8.0,36.22,48.91
37.0,0,1.79,21.0,67.06,6.1,5.8,5.6,5.8,9.0,3727.0,1.0,0.0,4.5,5.0,95.8,21.9,7.1,3.5,2.0,0.1,2.0,60.86,58.61
54.0,0,1.67,30.8,85.9,6.9,6.1,6.4,7.0,9.1,8793.0,1.8,89.0,2.4,6.4,95.6,22.7,3.3,1.8,3.2,1.8,11.0,65.27,36.85
51.0,1,1.7,23.91,69.23,5.9,5.1,5.7,4.4,6.0,3297.0,1.0,0.0,8.3,1.0,112.2,47.6,6.9,0.5,2.5,0.7,24.0,73.16,55.92
25.0,0,1.61,30.06,77.55,6.8,6.7,5.8,4.4,4.9,8848.0,2.5,68.0,6.0,4.1,77.8,33.6,6.4,1.9,2.2,2.2,9.0,72.01,58.33
56.0,1,1.84,19.35,65.22,7.4,6.8,4.0,1.7,4.0,5566.0,3.6,32.0,1.5,8.8,103.8,34.2,8.7,1.1,1.8,0.3,10.0,58.77,77.97
29.0,0,1.85,15.91,54.55,7.5,6.8,3.6,3.2,4.1,4210.0,3.0,22.0,6.8,5.0,73.4,13.3,4.2,1.9,3.0,2.7,28.0,69.75,66.62
29.0,0,1.71,23.24,68.15,7.0,5.1,2.3,3.7,4.9,7259.0,2.9,57.0,4.9,4.5,129.7,19.3,2.8,1.5,2.0,2.1,18.0,69.65,78.57
43.0,1,1.78,23.51,74.64,4.8,2.3,7.5,5.6,6.4,7644.0,1.2,70.0,3.0,7.7,74.0,25.6,4.3,1.6,2.2,7.1,10.0,26.63,28.89
46.0,0,1.71,20.48,60.16,5.7,4.5,3.9,3.1,4.6,3724.0,3.9,3.0,9.4,1.0,72.4,17.0,7.9,0.6,2.0,4.8,4.0,65.18,62.26
45.0,0,1.59,26.19,66.46,5.6,5.1,7.6,5.2,7.2,5226.0,2.8,15.0,6.2,5.1,101.0,37.8,1.3,2.5,1.8,0.7,32.0,66.42,26.05
22.0,0,1.67,20.12,55.91,7.8,6.7,6.4,4.0,6.3,7237.0,3.1,58.0,5.4,5.2,91.6,36.3,0.9,0.3,2.0,0.1,13.0,81.19,40.86
59.0,0,1.71,29.66,86.79,5.6,3.9,8.4,3.7,5.1,5640.0,2.3,37.0,5.2,3.8,96.5,20.7,5.2,0.4,0.8,2.1,4.0,62.0,10.23
30.0,1,1.66,23.7,65.58,5.5,5.2,7.1,4.4,7.4,8056.0,2.1,64.0,3.0,5.3,94.5,39.3,4.1,1.9,1.1,1.8,5.0,45.45,36.44
24.0,0,1.68,32.43,91.79,7.0,6.9,2.2,3.4,5.2,7039.0,4.5,41.0,3.4,6.9,68.2,25.0,5.0,3.1,2.2,0.1,24.0,63.69,76.5
60.0,1,1.69,32.43,92.93,8.1,7.6,4.0,3.4,4.6,8839.0,1.2,76.0,8.6,0.9,122.3,45.7,6.9,1.1,2.9,0.3,1.0,93.36,68.79
63.0,1,1.69,23.98,68.78,7.1,5.9,2.1,1.4,3.7,5547.0,1.9,46.0,5.1,4.0,107.9,26.2,3.9,2.2,2.2,1.8,60.0,72.39,85.55
59.0,0,1.7,18.89,54.87,5.7,3.6,5.6,3.6,7.6,5868.0,4.5,40.0,6.0,2.7,117.2,29.6,1.3,2.6,1.6,4.9,2.0,58.0,32.08
56.0,1,1.62,14.84,38.71,6.1,4.4,3.1,3.3,5.6,6930.0,3.6,48.0,1.9,8.2,79.4,36.2,9.1,2.3,1.1,4.7,24.0,45.57,71.19
49.0,0,1.64,17.76,47.92,6.6,5.5,3.4,3.2,4.9,5910.0,2.7,34.0,3.4,8.1,98.3,35.2,3.0,1.2,2.5,0.3,8.0,61.42,59.42
44.0,1,1.6,19.36,49.39,7.1,6.0,5.5,4.6,5.1,7409.0,4.2,60.0,7.2,2.4,93.9,29.1,2.9,0.4,1.7,1.0,10.0,82.98,45.23
22.0,0,1.78,28.68,90.68,6.5,6.8,4.4,5.0,6.8,6113.0,3.4,43.0,6.8,3.8,112.6,23.9,7.2,0.0,2.4,0.1,32.0,80.53,67.07
37.0,1,1.53,30.58,71.74,6.9,5.2,4.2,4.3,6.6,6009.0,3.2,45.0,9.5,0.4,113.2,29.1,4.2,1.2,2.2,1.3,8.0,72.39,56.21
36.0,0,1.79,23.61,75.84,5.6,5.0,8.5,5.5,7.1,8385.0,3.2,56.0,8.7,0.0,93.9,18.5,4.9,2.7,2.3,2.8,12.0,85.51,18.03
30.0,0,1.81,11.19,36.69,6.5,6.0,5.4,4.9,5.2,6834.0,3.5,47.0,5.5,5.2,59.6,26.2,6.0,0.4,2.0,3.1,1.0,69.25,47.5
52.0,1,1.68,18.53,52.03,7.0,6.6,3.8,3.6,4.7,7474.0,3.5,53.0,6.9,2.0,125.6,16.1,7.2,2.2,2.2,1.4,0.0,79.71,67.7
41.0,1,1.49,37.44,83.31,6.9,6.7,3.5,3.3,6.8,4003.0,1.0,0.0,5.4,4.7,101.1,10.8,4.3,0.5,1.9,0.2,4.0,58.08,60.2
22.0,0,1.67,26.61,74.3,5.6,5.0,5.0,4.5,7.9,5133.0,2.8,18.0,10.0,0.0,77.8,25.4,8.0,1.6,1.6,1.0,17.0,80.37,61.39
28.0,0,1.69,23.6,67.79,4.3,2.5,6.2,4.9,6.0,7448.0,2.8,58.0,8.3,2.6,98.1,35.1,0.7,2.2,1.4,5.4,2.0,46.84,25.63
50.0,1,1.62,29.93,78.47,6.3,4.8,7.4,6.1,8.8,7813.0,1.8,73.0,6.3,2.6,59.8,32.4,6.5,0.8,0.6,0.5,2.0,81.33,33.21
22.0,1,1.66,34.36,94.54,6.0,5.6,5.7,5.8,6.6,3243.0,1.0,0.0,6.4,4.0,111.1,24.3,3.3,1.7,1.9,0.8,8.0,56.25,43.58
58.0,1,1.82,20.08,66.68,6.2,4.9,2.9,3.2,6.6,5528.0,4.9,22.0,8.9,0.3,60.6,39.0,7.7,1.1,2.9,2.7,16.0,76.22,64.21
41.0,1,1.75,23.11,71.04,4.8,3.7,7.3,3.8,6.1,5955.0,4.0,31.0,7.2,2.3,85.6,20.4,5.3,2.2,2.4,2.6,19.0,52.45,42.95
41.0,1,1.63,27.57,72.89,3.6,2.4,7.2,5.0,8.0,4727.0,2.5,4.0,9.1,0.0,94.9,9.7,3.7,1.7,2.1,4.9,3.0,47.12,28.22
46.0,1,1.57,42.84,105.88,6.2,5.7,5.1,5.6,5.9,4368.0,1.0,0.0,1.6,10.0,110.8,7.5,6.3,1.6,1.6,1.0,1.0,36.21,58.64
57.0,0,1.67,13.74,38.51,7.3,6.1,4.2,5.4,8.1,6647.0,1.7,51.0,6.9,3.6,92.1,15.6,6.8,3.1,2.6,1.4,42.0,78.86,72.24
34.0,0,1.68,28.33,80.25,6.6,6.7,6.0,3.9,5.9,9393.0,2.0,80.0,5.0,4.3,102.7,31.5,6.3,2.2,1.9,1.3,5.0,84.29,50.28
50.0,1,1.74,22.56,68.28,5.9,4.5,2.3,2.1,5.0,4383.0,1.0,0.0,9.5,0.0,89.4,19.9,2.9,0.8,2.9,5.3,29.0,63.78,66.82
45.0,1,1.66,28.59,78.5,6.3,5.6,4.6,2.5,5.4,6191.0,2.5,31.0,9.1,0.4,89.4,28.7,4.0,1.4,1.4,2.9,30.0,73.64,61.34
31.0,0,1.74,19.84,60.14,7.4,5.8,4.2,4.4,6.5,8160.0,2.0,51.0,6.1,4.7,91.7,38.2,5.0,1.4,1.6,3.6,22.0,70.91,61.53
59.0,0,1.85,20.13,69.27,6.9,6.7,6.4,4.5,5.9,8357.0,3.5,56.0,9.1,0.0,86.2,16.2,4.9,1.6,1.5,0.3,3.0,98.95,44.34
55.0,1,1.77,25.89,80.67,6.4,4.7,2.8,2.4,5.1,7279.0,2.9,49.0,9.6,0.3,56.3,28.8,6.5,4.0,1.1,3.1,26.0,81.28,74.17
49.0,1,1.7,40.56,116.69,7.0,6.6,4.6,4.1,6.0,8701.0,1.4,74.0,6.1,5.6,74.6,29.3,1.0,1.9,1.4,1.1,22.0,74.5,50.79
58.0,0,1.69,28.91,82.12,6.2,5.8,7.5,4.9,6.1,6393.0,1.0,31.0,10.0,0.0,94.9,18.1,5.7,0.0,2.1,0.0,14.0,86.38,44.88
59.0,0,1.67,20.5,57.28,6.5,5.6,6.7,2.3,3.4,7970.0,2.4,71.0,5.9,4.1,85.0,35.8,4.4,1.0,1.6,0.1,6.0,77.78,45.64
51.0,0,1.79,19.76,63.64,7.5,6.3,1.0,5.7,6.2,5129.0,1.4,24.0,5.6,6.6,86.9,22.7,3.3,0.0,0.5,2.3,5.0,62.63,64.11
57.0,0,1.65,23.22,63.2,5.6,5.1,7.4,3.4,4.9,6252.0,1.1,32.0,7.7,2.9,83.5,21.9,3.5,1.2,2.6,0.9,2.0,79.03,30.85
51.0,0,1.7,14.84,43.07,4.1,4.2,6.1,5.9,9.0,3572.0,1.0,0.0,5.3,4.8,72.7,41.9,4.6,0.0,1.0,4.1,11.0,30.84,40.01
50.0,0,1.7,22.4,65.05,6.6,5.7,4.9,3.2,5.4,8031.0,2.9,62.0,6.2,4.3,80.1,29.2,0.0,0.6,2.4,2.7,13.0,74.16,44.07
47.0,1,1.66,29.4,80.99,7.3,7.6,3.6,2.5,3.9,6128.0,2.7,34.0,8.8,0.8,83.9,32.4,3.6,0.0,2.0,0.0,7.0,90.01,64.04
53.0,0,1.59,20.12,50.89,6.5,6.1,4.3,3.3,6.1,6403.0,2.8,47.0,6.0,5.3,90.1,35.8,3.2,1.9,3.3,2.3,10.0,71.73,53.09
25.0,1,1.73,28.78,85.73,6.6,6.1,3.9,3.9,5.0,5677.0,1.9,28.0,2.6,7.0,97.9,19.8,6.1,1.5,2.6,0.4,7.0,61.38,56.83
59.0,1,1.7,26.91,77.32,6.8,5.9,3.5,3.4,5.5,7986.0,3.4,56.0,6.7,1.3,86.4,35.0,3.4,1.8,1.7,1.1,15.0,84.06,59.43
59.0,0,1.74,19.48,58.99,7.9,5.9,2.0,3.7,5.5,7221.0,2.9,53.0,4.6,5.0,69.4,21.0,4.6,1.4,1.6,2.0,35.0,70.51,74.25
19.0,1,1.66,24.71,67.88,5.9,4.1,3.9,4.5,7.3,4488.0,2.2,7.0,7.7,1.3,62.0,20.6,8.1,0.1,2.9,4.1,3.0,67.11,54.21
57.0,0,1.8,29.08,93.97,6.0,5.7,5.0,3.7,4.2,4581.0,2.4,7.0,7.4,2.3,141.9,22.8,7.0,2.0,1.1,1.2,7.0,70.73,60.22
24.0,1,1.63,30.49,81.0,5.0,3.9,5.1,3.9,5.1,5366.0,1.8,19.0,8.9,0.8,67.4,20.0,6.8,3.4,2.1,3.3,2.0,42.08,51.21
34.0,0,1.84,20.78,70.13,6.5,5.5,4.8,1.4,1.8,7141.0,2.6,55.0,7.8,3.4,79.6,31.6,4.0,1.9,1.9,3.1,15.0,77.0,54.91
53.0,1,1.56,27.29,66.43,7.2,5.4,4.6,4.6,6.3,9676.0,2.8,92.0,8.2,2.5,100.3,27.1,6.1,1.1,1.8,1.1,20.0,85.74,59.11
26.0,1,1.73,23.64,71.15,6.8,6.2,2.2,3.9,7.1,6452.0,2.6,50.0,4.7,5.6,97.2,21.1,4.5,0.1,2.2,1.4,40.0,70.25,69.23
56.0,0,1.74,20.63,62.32,5.4,5.1,6.9,6.4,7.9,7280.0,3.1,61.0,7.6,2.4,100.4,30.4,4.6,0.6,2.1,2.4,5.0,60.52,41.9
57.0,0,1.64,14.35,38.43,7.3,5.9,1.3,2.6,4.1,3664.0,1.0,0.0,9.9,0.0,81.1,22.8,5.8,2.0,2.3,0.1,45.0,80.15,88.3
42.0,1,1.73,33.47,100.63,6.1,4.8,6.4,1.3,4.2,8889.0,3.2,78.0,4.6,3.2,94.8,22.4,3.8,2.6,2.1,4.4,1.0,59.82,46.89
18.0,1,1.8,22.27,72.33,6.8,6.3,3.4,4.9,8.0,7467.0,3.9,56.0,9.6,0.5,91.2,25.4,8.0,1.8,2.3,2.9,14.0,85.74,67.43
31.0,0,1.52,32.77,75.97,6.4,6.8,4.9,4.5,6.4,5053.0,3.6,19.0,4.9,5.9,83.8,28.7,4.7,2.3,2.1,0.6,1.0,55.32,56.95
47.0,1,1.74,22.83,69.13,5.7,3.0,3.1,2.5,5.2,6379.0,4.0,34.0,4.3,5.6,94.9,28.1,6.2,2.2,1.6,7.9,34.0,46.57,62.13
64.0,0,1.5,26.19,58.97,6.8,6.7,4.7,1.7,2.6,4338.0,2.2,2.0,6.6,2.9,111.1,22.1,7.9,2.0,2.0,0.4,11.0,72.3,67.06
48.0,1,1.62,25.52,67.21,4.4,3.8,5.9,6.3,9.7,4366.0,2.5,9.0,7.4,3.0,89.6,31.8,7.1,0.8,1.6,4.9,17.0,40.09,42.88
30.0,0,1.83,13.73,46.01,6.6,6.2,6.3,6.1,10.3,8861.0,3.7,90.0,7.8,2.1,89.7,23.2,2.2,1.7,1.5,0.8,27.0,87.33,45.83
48.0,1,1.65,38.1,104.16,6.0,5.6,7.4,0.5,3.0,3590.0,1.0,0.0,4.1,7.6,111.4,19.8,5.9,0.7,1.8,2.9,2.0,35.65,37.52
43.0,0,1.61,19.96,51.48,8.4,7.4,1.8,3.3,3.2,3931.0,2.3,11.0,6.9,4.4,109.2,13.3,6.7,1.5,1.9,1.2,1.0,72.27,77.28
55.0,0,1.68,19.22,54.52,6.5,5.6,2.9,6.5,7.9,5160.0,3.6,18.0,4.6,6.3,121.7,32.9,6.8,1.8,2.0,2.7,32.0,54.86,78.92
23.0,0,1.87,18.22,63.4,6.2,5.6,4.3,3.3,5.9,3595.0,2.1,0.0,3.0,7.7,54.9,25.1,2.8,3.2,2.5,0.3,6.0,57.79,56.77
54.0,0,1.55,37.01,89.32,6.7,6.1,3.0,3.3,4.8,5225.0,3.5,25.0,4.1,4.6,108.1,26.7,3.7,0.2,1.7,0.6,2.0,56.85,65.28
43.0,1,1.62,26.89,70.22,7.6,7.2,4.1,3.6,6.8,8104.0,3.0,69.0,4.5,6.2,102.0,33.4,7.0,2.0,2.1,0.2,9.0,83.78,64.76
63.0,0,1.82,15.54,51.46,5.2,3.6,6.1,2.3,4.9,5388.0,1.6,14.0,7.0,3.3,72.3,21.2,3.5,3.0,2.1,4.0,14.0,44.52,42.81
34.0,1,1.85,25.99,88.82,7.3,6.6,4.0,1.4,2.7,4464.0,1.0,0.0,8.3,2.3,95.0,14.0,4.4,2.3,1.6,0.7,0.0,72.5,68.03
48.0,0,1.69,28.29,80.97,5.7,5.2,4.9,5.6,7.6,6609.0,5.0,44.0,3.1,7.4,111.0,25.6,8.2,2.3,2.0,2.4,5.0,53.16,59.73
62.0,0,1.6,30.47,78.08,7.3,6.9,2.1,1.2,2.3,6079.0,3.2,24.0,6.7,3.7,73.4,27.5,4.9,2.1,2.6,3.4,1.0,63.99,74.8
23.0,0,1.87,23.15,80.74,5.6,3.1,4.5,4.4,6.2,6954.0,5.0,66.0,3.6,9.1,98.9,22.9,3.5,2.8,2.1,4.6,8.0,47.26,41.2
62.0,0,1.83,31.71,105.92,6.9,7.5,4.0,5.3,6.8,5440.0,1.6,8.0,7.3,2.7,107.4,36.8,3.2,0.4,2.1,0.2,34.0,67.14,70.0
50.0,0,1.75,33.39,102.78,5.6,4.0,3.3,1.8,5.0,5278.0,3.8,16.0,4.8,6.2,68.6,5.1,5.7,0.1,1.6,4.5,60.0,44.52,81.04
21.0,0,1.64,22.33,59.7,7.1,7.0,3.3,2.6,6.7,6089.0,1.0,34.0,3.9,5.6,87.2,34.0,2.3,1.5,3.2,0.4,15.0,74.45,55.57
32.0,0,1.7,32.8,94.36,5.8,5.4,5.2,5.8,6.4,4890.0,3.0,22.0,7.6,3.2,96.0,31.3,4.5,0.0,1.6,2.7,3.0,60.25,51.49
51.0,0,1.69,26.61,75.75,6.2,6.0,5.2,4.8,4.9,5152.0,3.6,23.0,4.8,6.1,74.1,28.7,5.7,2.7,1.0,2.6,35.0,62.61,65.83
21.0,1,1.73,26.0,77.49,6.9,6.1,3.7,3.1,4.8,5560.0,3.8,21.0,5.4,5.0,72.4,5.0,7.6,2.7,2.5,0.0,11.0,73.49,70.0
45.0,1,1.82,13.53,44.62,6.7,6.1,2.3,5.8,6.3,4316.0,1.0,0.0,1.6,10.0,87.3,35.3,6.3,1.1,1.9,0.5,3.0,53.94,68.02
34.0,0,1.77,21.52,67.44,5.6,5.1,6.7,5.8,7.9,5218.0,4.0,15.0,7.9,1.2,106.0,16.8,3.6,1.1,1.8,1.4,38.0,71.19,42.03
47.0,0,1.61,22.2,57.81,5.8,5.2,5.7,4.4,7.2,6937.0,2.5,55.0,7.6,1.9,102.9,20.9,7.4,1.4,1.7,1.1,21.0,78.99,55.41
20.0,1,1.81,25.15,82.42,5.1,4.2,6.3,2.6,6.1,7012.0,2.8,58.0,6.0,4.2,72.8,23.6,4.4,1.6,3.1,5.0,20.0,48.41,38.67
59.0,1,1.73,28.92,86.07,6.9,6.2,2.6,3.4,5.6,5634.0,2.6,26.0,2.9,7.9,103.0,28.3,2.5,1.6,2.2,0.9,19.0,60.31,67.34
64.0,1,1.75,12.62,38.88,4.9,2.5,8.0,4.4,6.2,8459.0,1.9,68.0,8.4,1.8,73.3,30.1,4.7,2.1,2.3,5.5,3.0,53.41,16.49
64.0,0,1.82,21.09,69.67,6.8,5.7,3.2,3.7,3.7,6265.0,4.6,38.0,4.7,6.6,57.8,32.1,7.9,1.3,2.1,1.2,4.0,60.6,66.91
53.0,1,1.61,33.45,86.83,5.4,2.5,4.5,5.4,7.4,4741.0,1.0,0.0,5.1,4.2,82.7,31.5,5.3,2.4,2.2,6.7,17.0,15.39,47.4
24.0,1,1.7,23.33,67.2,6.3,5.1,3.9,1.7,3.8,4017.0,1.0,0.0,10.0,0.0,112.5,27.0,5.0,1.9,2.8,2.7,4.0,79.92,59.24
54.0,1,1.66,29.46,80.94,6.3,5.3,5.7,1.8,4.4,8214.0,4.0,70.0,4.6,5.7,103.1,28.3,8.3,0.9,1.8,3.5,9.0,67.99,61.48
19.0,1,1.57,30.36,75.27,5.8,5.3,4.8,4.3,5.6,4884.0,2.0,9.0,7.5,2.4,90.0,16.3,2.1,2.8,1.1,0.2,23.0,62.94,56.82
19.0,0,1.73,25.17,75.12,7.1,5.9,5.5,3.3,4.8,4610.0,1.0,0.0,7.1,3.4,81.7,19.0,2.4,0.1,2.5,1.8,23.0,68.06,54.32
33.0,0,1.9,18.25,65.93,7.8,7.0,5.4,3.1,3.6,3325.0,1.0,0.0,6.8,3.2,82.2,32.2,1.8,1.4,2.3,0.3,9.0,68.05,51.9
41.0,1,1.55,21.46,51.75,7.4,6.8,2.8,1.3,1.1,5087.0,2.0,27.0,6.6,3.1,92.2,31.7,5.7,2.5,2.1,0.7,24.0,76.57,84.48
54.0,1,1.7,18.46,53.18,7.8,7.0,2.6,4.0,4.9,6957.0,3.4,52.0,6.8,3.2,68.6,30.8,5.3,0.8,2.3,2.0,27.0,83.76,62.1
50.0,0,1.75,26.29,80.64,5.7,5.2,6.6,3.9,4.4,6231.0,2.0,11.0,6.5,3.5,83.0,20.9,8.1,1.8,1.8,2.6,16.0,60.5,59.24
39.0,0,1.71,24.04,70.29,7.3,8.0,3.7,5.0,7.3,4228.0,4.6,6.0,5.9,3.8,85.7,32.3,5.5,2.0,2.0,0.1,4.0,77.28,61.56
31.0,0,1.69,23.75,67.92,6.1,5.5,6.2,4.1,5.6,4904.0,3.8,16.0,9.0,0.8,63.0,15.7,4.2,0.6,1.9,1.5,5.0,72.36,42.75
65.0,0,1.6,24.98,63.64,6.7,6.2,5.9,3.8,5.3,8544.0,2.9,71.0,3.4,6.2,73.2,33.6,5.0,1.4,1.6,1.7,6.0,70.16,54.99
38.0,1,1.72,22.15,65.42,4.3,3.6,7.6,5.8,6.8,4488.0,1.0,0.0,8.0,2.8,98.2,22.9,5.2,1.3,2.7,0.2,2.0,54.37,5.66
39.0,1,1.64,31.89,85.7,5.9,5.1,6.8,2.0,1.0,4085.0,1.0,0.0,7.6,2.5,90.2,38.5,1.7,0.9,1.2,1.4,5.0,55.47,46.83
26.0,0,1.52,27.94,64.97,6.2,5.1,5.0,4.8,8.3,8858.0,2.3,71.0,7.4,4.9,83.8,12.8,10.4,3.8,3.4,2.5,4.0,86.27,61.72
55.0,0,1.8,15.47,49.88,7.5,6.4,4.9,1.5,2.5,6407.0,2.7,50.0,8.2,1.9,71.8,39.1,6.0,0.7,2.5,0.1,9.0,86.28,68.96
51.0,0,1.78,25.71,81.15,5.5,4.3,6.1,2.7,4.3,5911.0,5.0,38.0,5.8,3.6,121.5,22.1,5.4,2.5,0.9,2.9,36.0,61.16,54.26
28.0,0,1.7,23.05,66.93,6.5,5.6,4.4,2.2,2.7,5587.0,1.9,17.0,2.3,10.0,73.2,22.0,6.2,1.1,1.9,1.7,2.0,50.56,53.65
22.0,1,1.72,23.87,70.47,6.3,4.7,3.6,5.2,8.1,6328.0,1.3,39.0,5.9,4.6,95.0,26.6,6.4,0.4,1.9,3.6,19.0,61.18,57.41
50.0,1,1.79,29.51,94.11,5.9,6.9,4.4,3.9,6.0,4570.0,1.6,20.0,4.0,7.0,80.2,19.4,4.7,1.6,2.2,0.5,17.0,61.36,65.31
49.0,1,1.72,23.61,69.69,6.3,5.2,3.8,4.0,5.2,4040.0,3.9,12.0,4.5,6.1,90.7,24.4,3.7,2.1,1.4,3.6,2.0,50.23,58.37
31.0,0,1.77,23.67,74.34,7.6,8.1,3.6,2.3,3.9,3920.0,2.4,5.0,3.5,7.1,99.2,19.1,6.2,2.4,2.0,0.2,38.0,67.54,80.36
63.0,1,1.68,18.62,52.32,6.2,6.4,7.0,3.6,7.2,7275.0,2.8,55.0,5.0,5.5,62.6,19.4,5.8,3.1,1.9,1.0,13.0,72.83,45.09
25.0,1,1.8,20.47,66.7,6.9,6.1,5.2,2.9,4.8,6196.0,3.8,33.0,4.8,4.1,89.9,28.9,3.4,4.4,1.6,0.4,7.0,75.5,56.87
38.0,1,1.73,26.58,79.14,5.7,4.4,1.9,4.6,6.4,6878.0,2.8,51.0,1.2,9.1,113.8,17.8,7.8,1.8,1.5,4.2,21.0,45.29,74.89
62.0,0,1.72,15.86,46.67,5.9,4.7,6.3,2.5,3.6,6414.0,3.2,37.0,7.4,1.3,125.2,18.9,5.6,0.8,2.6,2.4,4.0,76.88,49.12
38.0,0,1.6,28.58,73.01,8.6,7.8,2.0,6.0,6.1,7037.0,3.5,54.0,10.0,0.0,87.4,14.0,6.5,2.0,1.0,0.1,18.0,97.71,87.72
48.0,0,1.72,24.09,71.51,7.5,6.5,2.1,1.5,3.3,6602.0,2.6,33.0,7.2,2.1,90.8,21.0,7.8,1.2,2.3,0.0,1.0,80.67,75.11
37.0,0,1.63,26.47,70.62,7.5,6.6,3.9,2.8,5.1,6643.0,2.8,23.0,5.6,4.8,134.2,35.5,5.0,2.4,2.5,0.7,27.0,69.22,63.58
31.0,0,1.65,31.47,85.56,5.0,5.1,6.7,6.5,9.6,3804.0,1.0,0.0,5.9,4.4,112.7,18.2,5.6,0.2,1.9,0.3,9.0,33.34,42.46
64.0,0,1.63,28.07,75.02,6.4,5.7,4.5,3.3,3.1,4240.0,1.0,0.0,5.2,5.3,77.7,19.1,6.6,3.9,2.0,2.0,15.0,61.09,71.36
37.0,0,1.61,35.35,92.17,6.7,5.8,4.9,2.0,2.9,4199.0,1.0,0.0,6.2,4.1,77.6,26.6,3.6,2.4,2.7,2.2,4.0,58.25,58.1
60.0,1,1.87,15.76,55.1,4.9,3.2,7.5,4.3,5.7,5212.0,1.0,19.0,5.9,3.5,109.1,22.0,5.1,0.0,1.6,5.7,17.0,31.93,37.07
29.0,0,1.81,22.07,72.04,5.6,4.0,4.5,3.3,5.3,4327.0,1.0,0.0,4.3,5.4,69.8,42.8,5.3,0.8,1.6,6.1,22.0,42.67,59.69
28.0,0,1.85,20.74,71.27,5.3,4.4,6.8,2.7,4.6,4239.0,1.0,0.0,9.4,1.6,111.8,23.7,3.1,2.3,1.7,2.2,10.0,51.81,41.47
19.0,1,1.6,21.02,53.96,6.8,7.1,4.8,2.4,4.2,7764.0,3.2,67.0,3.0,8.0,96.7,27.7,9.6,2.7,2.7,0.0,14.0,75.65,80.55
49.0,1,1.71,28.99,84.34,5.4,4.1,5.3,8.2,10.6,7122.0,3.3,41.0,7.4,1.4,100.4,32.6,2.2,0.2,2.8,0.9,9.0,61.07,34.3
35.0,1,1.6,41.14,104.87,6.3,6.0,4.0,3.6,4.7,4608.0,2.4,8.0,5.8,2.7,84.9,32.4,2.4,2.2,1.2,1.4,34.0,60.56,62.49
59.0,1,1.64,25.79,69.74,6.6,6.1,7.4,1.1,4.0,9714.0,3.5,98.0,9.8,0.0,77.4,26.9,7.6,0.0,2.6,1.4,10.0,99.02,49.77
40.0,1,1.63,29.32,77.58,6.3,5.2,4.2,6.2,8.7,5222.0,1.0,0.0,6.7,4.4,119.2,23.7,6.4,1.4,2.5,1.8,28.0,59.84,62.66
64.0,1,1.8,22.02,71.27,5.9,3.6,4.2,4.9,6.6,7898.0,3.1,66.0,5.3,5.9,85.1,41.2,2.9,2.6,2.9,6.5,24.0,57.13,49.47
27.0,0,1.67,21.3,59.3,5.8,4.6,5.6,2.9,6.5,5961.0,5.0,31.0,5.5,3.6,81.8,24.2,6.2,0.9,2.2,4.3,8.0,60.28,51.67
59.0,0,1.79,13.39,42.69,7.1,7.1,4.4,2.6,6.2,7677.0,1.4,60.0,6.1,4.2,88.4,21.5,7.9,0.0,2.0,0.2,4.0,84.08,63.59
55.0,0,1.75,19.44,59.41,5.8,4.6,4.8,5.0,7.9,6254.0,3.2,39.0,3.7,8.1,93.9,19.8,4.9,1.6,2.7,0.6,8.0,59.76,49.52
54.0,0,1.88,13.83,49.12,7.0,5.8,1.7,3.6,2.6,4224.0,1.0,0.0,4.5,5.9,69.4,11.2,10.2,0.9,2.4,3.6,26.0,56.46,94.59
58.0,0,1.58,38.2,95.56,5.3,4.0,8.1,1.1,4.7,4583.0,3.9,17.0,2.4,9.0,78.7,31.6,1.6,2.1,3.3,3.5,4.0,19.05,10.63
54.0,1,1.8,21.05,68.27,6.3,6.4,5.8,6.7,9.5,6906.0,1.4,43.0,4.2,6.8,77.6,6.2,6.4,0.6,2.6,0.6,11.0,68.97,49.78
47.0,1,1.79,20.19,64.81,5.7,3.9,2.5,3.3,7.4,3121.0,1.0,0.0,6.2,2.9,106.9,25.0,7.3,0.7,2.1,2.6,25.0,56.19,64.32
24.0,1,1.62,31.67,83.34,5.4,5.9,3.9,6.2,9.5,8183.0,2.4,81.0,6.6,3.2,72.3,23.4,6.8,0.0,1.3,2.2,7.0,52.81,53.93
20.0,0,1.78,16.77,53.17,4.9,4.1,9.5,5.9,9.5,7037.0,3.3,35.0,2.0,8.0,54.9,42.9,4.6,1.7,1.7,1.3,15.0,40.99,5.84
61.0,1,1.73,19.62,58.5,7.0,7.2,5.2,2.5,5.4,6660.0,2.4,55.0,5.7,4.4,50.7,10.3,4.4,1.3,1.1,0.4,4.0,76.69,62.07
47.0,1,1.68,25.11,71.02,4.4,3.2,7.1,5.5,8.9,3020.0,1.0,0.0,7.1,3.8,60.6,17.8,5.9,0.3,1.9,4.4,2.0,37.07,26.55
55.0,0,1.63,31.99,85.43,6.6,5.2,3.4,3.0,7.0,6015.0,2.8,44.0,5.7,4.7,117.2,23.9,6.6,1.7,2.6,2.3,24.0,62.27,63.17
41.0,1,1.64,28.74,77.53,7.7,7.2,5.2,1.2,3.4,8909.0,2.8,67.0,4.7,2.3,90.3,23.4,6.2,2.5,2.0,0.4,2.0,86.55,69.82
24.0,0,1.86,21.22,73.72,5.9,5.5,6.7,3.4,3.8,5460.0,4.5,39.0,5.2,3.5,100.0,20.6,7.1,1.3,2.6,2.4,5.0,74.81,49.54
24.0,0,1.7,24.63,71.17,6.3,4.4,3.9,4.6,6.3,5741.0,3.7,37.0,4.9,2.9,100.7,24.4,3.0,1.8,2.2,2.7,29.0,66.64,57.71
50.0,1,1.76,24.46,76.0,5.3,4.3,6.2,3.3,5.7,3622.0,2.7,6.0,4.7,5.4,91.1,14.9,4.5,1.8,1.8,4.4,6.0,33.37,40.95
38.0,0,1.64,27.26,73.02,7.0,6.4,1.2,3.5,5.6,6025.0,5.0,36.0,6.3,3.9,88.5,27.9,3.1,0.3,2.1,0.5,54.0,82.65,74.91
27.0,0,1.64,20.34,54.55,4.3,2.0,6.2,5.7,6.5,4816.0,3.5,17.0,10.0,0.3,110.9,6.4,4.2,3.6,2.3,9.0,58.0,42.44,53.35
41.0,1,1.79,22.15,70.69,7.0,6.5,5.1,4.2,4.5,6875.0,2.0,52.0,4.5,4.5,92.9,24.8,7.0,1.0,2.1,0.3,5.0,75.08,64.81
21.0,1,1.59,21.26,53.89,7.3,6.0,4.5,2.7,4.0,5558.0,3.3,10.0,5.4,5.3,118.0,20.2,5.2,2.2,2.1,1.8,1.0,63.63,59.52
45.0,0,1.67,25.63,71.22,6.3,4.8,4.0,5.1,7.9,6642.0,3.5,54.0,5.9,4.8,102.4,33.1,10.2,2.3,1.5,2.1,18.0,69.22,61.89
31.0,0,1.7,21.66,62.79,6.0,5.8,5.1,4.3,7.9,4530.0,2.3,10.0,4.6,4.1,77.6,39.0,5.4,1.4,1.7,1.1,9.0,63.11,52.42
55.0,0,1.71,37.01,108.09,7.3,6.8,4.2,0.5,3.4,4989.0,1.9,14.0,8.2,0.3,80.1,22.4,5.1,2.1,3.4,1.3,2.0,68.91,61.4
33.0,1,1.69,24.42,69.4,6.2,5.0,1.7,4.6,7.7,7118.0,3.1,60.0,1.3,8.7,75.5,36.1,5.2,1.7,2.7,4.4,18.0,57.86,57.32
39.0,0,1.73,16.32,48.94,6.4,5.7,6.0,4.6,6.5,4952.0,2.6,12.0,4.9,6.9,114.4,22.5,3.7,0.1,1.1,2.1,0.0,57.13,40.52
19.0,0,1.76,22.06,67.99,8.1,7.6,3.6,4.0,4.3,7243.0,4.5,57.0,7.6,4.1,81.9,17.3,4.9,1.2,0.6,1.4,31.0,82.35,77.39
21.0,1,1.76,25.15,77.79,6.3,6.7,6.2,5.3,6.9,7134.0,3.7,49.0,5.4,5.2,74.0,39.0,7.3,0.9,2.0,0.3,2.0,82.75,56.69
36.0,1,1.62,36.19,95.1,6.5,5.3,4.5,3.0,4.7,4720.0,2.4,13.0,4.4,4.9,96.4,29.2,5.2,1.0,2.5,0.0,2.0,52.75,61.35
41.0,0,1.68,21.74,61.16,7.9,6.0,4.8,4.5,6.0,7188.0,3.4,70.0,6.9,4.0,88.1,25.0,3.4,0.2,1.7,0.3,3.0,84.71,51.12
46.0,1,1.8,14.35,46.26,6.7,5.4,3.1,1.6,3.7,7127.0,4.3,41.0,7.8,1.7,95.9,30.5,3.1,2.6,2.6,6.3,48.0,67.73,79.33
32.0,1,1.77,26.21,82.25,6.9,5.0,3.0,4.6,7.1,9360.0,1.6,72.0,6.4,2.8,127.8,27.2,4.1,3.1,2.0,2.9,18.0,77.2,57.92
51.0,0,1.59,19.49,49.29,5.8,3.0,5.9,6.9,9.8,9131.0,2.0,87.0,4.4,3.5,108.3,24.4,5.1,2.5,1.9,6.8,24.0,60.83,48.34
58.0,0,1.73,21.25,63.46,8.5,7.6,1.6,2.5,4.2,5622.0,3.0,35.0,6.9,3.2,90.5,14.4,7.4,2.8,2.5,0.1,8.0,85.87,90.62
55.0,1,1.54,27.82,66.14,6.2,4.5,6.8,2.9,3.0,7798.0,3.0,51.0,5.2,4.2,61.8,22.8,2.3,1.2,1.7,2.3,6.0,70.15,37.99
20.0,0,1.7,23.75,68.96,6.5,6.0,6.3,2.9,4.5,5743.0,2.9,13.0,7.5,2.6,80.0,30.0,4.4,0.9,1.8,0.1,4.0,73.41,50.33
41.0,1,1.85,23.43,80.34,6.3,4.7,3.9,4.2,6.2,4285.0,2.7,6.0,9.0,0.0,104.2,24.0,5.3,0.7,2.4,3.0,10.0,76.13,56.58
23.0,0,1.62,22.65,59.75,6.0,5.4,6.8,2.4,5.6,5421.0,2.7,26.0,1.0,9.2,66.6,32.2,1.3,2.1,2.0,1.0,12.0,56.11,46.32
29.0,0,1.63,24.7,65.89,5.5,5.4,5.6,4.6,6.1,3960.0,1.0,0.0,6.2,1.3,132.8,28.1,3.3,1.7,3.1,0.2,15.0,56.91,48.92
64.0,0,1.76,22.5,69.79,5.4,4.6,4.9,5.3,7.8,3591.0,4.1,7.0,2.5,8.6,90.3,18.0,3.6,1.4,2.4,1.7,4.0,33.99,41.09
25.0,0,1.58,29.07,72.24,6.9,6.2,1.2,4.8,7.1,7477.0,2.5,60.0,10.0,0.5,91.0,14.4,3.4,2.8,2.4,0.7,45.0,91.71,79.37
41.0,0,1.65,26.27,71.47,6.7,5.8,5.3,1.3,3.4,6000.0,5.0,19.0,5.1,4.7,76.7,23.7,5.4,1.9,2.0,2.2,3.0,63.14,60.56
47.0,0,1.75,25.06,76.54,6.1,5.8,2.9,5.5,8.4,7550.0,5.0,61.0,7.5,3.1,99.9,20.8,4.7,0.7,2.5,2.1,51.0,76.92,62.78
51.0,1,1.65,30.39,82.66,5.4,5.4,7.9,5.4,6.7,4874.0,4.3,23.0,5.9,3.1,66.8,27.7,3.9,0.8,1.8,2.4,0.0,44.0,0.68
44.0,1,1.68,26.85,75.89,6.0,2.8,5.4,5.2,6.7,9637.0,3.6,90.0,4.4,5.7,133.3,19.3,5.9,2.2,2.2,9.8,10.0,45.19,48.19
18.0,1,1.76,24.81,76.8,7.6,7.7,3.9,4.6,6.5,6840.0,5.0,53.0,4.2,6.6,116.3,20.1,8.4,2.5,1.5,1.0,6.0,70.85,74.34
33.0,1,1.73,15.39,46.27,5.3,5.3,7.3,4.3,5.7,7796.0,2.7,64.0,9.2,0.0,109.7,33.4,8.3,2.1,2.6,1.3,9.0,74.6,50.56
42.0,0,1.72,23.88,70.75,4.6,3.1,7.4,5.5,8.1,5899.0,2.2,42.0,7.9,1.6,62.2,26.2,1.2,3.4,2.2,3.3,13.0,57.7,22.93
22.0,1,1.67,27.58,77.19,6.8,5.3,1.0,6.9,8.2,6622.0,2.5,52.0,9.9,0.1,94.1,19.4,6.2,3.1,3.2,1.7,9.0,87.3,66.11
34.0,0,1.73,27.05,80.93,6.8,6.1,4.4,2.6,4.8,8640.0,2.0,71.0,6.1,3.7,114.2,25.1,4.6,1.9,3.4,0.1,8.0,87.3,57.59
20.0,1,1.69,20.87,59.61,5.6,5.1,3.1,5.6,7.5,7586.0,3.1,59.0,6.6,4.9,101.9,36.0,5.3,0.7,2.5,3.7,20.0,70.16,61.83
22.0,1,1.74,19.93,60.11,7.0,6.3,3.9,3.9,6.1,6220.0,3.3,43.0,5.5,3.4,70.0,27.4,4.2,0.2,2.0,0.1,17.0,80.21,57.06
37.0,1,1.66,22.27,61.39,7.4,5.9,4.0,3.8,5.3,6650.0,3.2,43.0,5.4,4.0,77.0,29.7,5.2,1.1,1.4,0.4,27.0,74.4,68.9
24.0,1,1.69,27.48,78.05,7.6,6.9,5.3,1.7,3.4,6734.0,3.0,51.0,3.9,4.2,81.0,19.0,5.3,2.3,2.5,0.2,4.0,79.61,58.09
45.0,1,1.62,32.55,85.51,6.0,4.7,5.6,3.6,5.7,3608.0,1.0,0.0,6.2,5.3,77.9,33.2,3.8,3.3,2.1,0.2,14.0,50.82,49.3
50.0,0,1.7,22.18,63.89,6.1,5.3,6.7,2.5,4.7,5190.0,4.7,10.0,4.4,5.3,120.6,43.5,3.2,1.9,2.3,0.1,13.0,60.3,48.28
56.0,0,1.64,31.28,83.62,6.9,6.2,6.4,3.3,5.3,7992.0,3.6,60.0,6.9,2.7,51.6,18.7,4.1,2.7,3.0,0.1,7.0,77.2,49.04
27.0,1,1.61,27.69,71.85,6.7,6.1,6.1,2.4,6.1,9315.0,3.9,89.0,6.3,3.6,103.1,15.5,5.5,1.3,1.5,1.2,10.0,82.41,49.86
26.0,0,1.72,23.01,68.14,6.9,6.9,5.1,3.3,4.3,4490.0,3.2,7.0,6.6,4.1,64.2,26.4,6.2,2.1,1.4,0.6,6.0,70.93,60.5
23.0,1,1.72,22.67,66.83,6.2,6.2,7.1,3.4,5.3,4643.0,1.4,11.0,9.4,1.0,70.8,32.0,6.7,2.3,1.9,0.3,2.0,82.17,47.41
48.0,1,1.76,26.14,81.2,6.7,5.1,4.9,4.1,4.6,8410.0,1.2,69.0,5.9,6.7,49.8,24.3,4.0,0.0,2.5,2.2,4.0,75.35,49.38
51.0,0,1.67,27.0,74.88,6.3,5.7,4.6,1.6,3.9,6714.0,5.0,52.0,7.5,2.9,79.0,16.6,5.6,1.1,2.3,0.5,2.0,84.0,59.17
19.0,1,1.73,34.69,104.14,9.1,8.3,1.0,1.8,2.7,7329.0,2.5,48.0,10.0,0.0,120.2,24.1,6.9,2.4,1.5,0.0,17.0,85.31,95.24
62.0,1,1.74,18.81,57.22,6.0,5.4,6.2,4.5,6.3,7748.0,2.4,60.0,8.6,0.8,95.3,29.8,7.3,1.8,2.5,1.1,16.0,83.35,52.21
20.0,1,1.74,25.82,77.77,7.4,6.6,3.0,2.8,4.4,5777.0,3.2,32.0,8.3,1.3,66.0,21.7,4.9,0.3,1.3,0.7,45.0,87.0,76.11
43.0,1,1.63,23.25,62.06,4.1,3.2,9.9,5.6,7.9,5865.0,3.6,35.0,5.4,3.1,110.3,29.9,4.6,0.0,1.5,0.8,20.0,44.38,6.23
51.0,1,1.71,19.44,56.96,6.6,5.3,5.0,4.3,5.8,6973.0,3.7,43.0,6.5,3.6,114.6,34.3,5.4,1.1,1.9,1.2,1.0,72.17,44.99
59.0,1,1.73,23.36,69.84,6.0,5.0,4.9,4.9,6.3,4495.0,4.8,10.0,3.4,7.4,92.1,26.9,2.7,1.4,1.7,2.2,32.0,53.25,61.5
52.0,1,1.7,24.92,72.06,5.6,3.4,6.3,6.1,9.6,6165.0,4.5,42.0,7.0,2.4,130.7,24.8,4.6,0.6,2.5,1.9,30.0,75.04,39.01
56.0,0,1.53,48.41,113.77,7.8,5.9,3.4,3.5,5.8,7433.0,2.2,60.0,6.5,2.6,106.4,31.6,6.5,1.6,2.2,5.5,9.0,61.59,64.97
34.0,0,1.71,22.92,67.24,6.2,4.8,5.0,3.1,4.6,5884.0,4.0,25.0,6.0,5.5,103.7,18.2,6.3,2.0,3.1,1.5,13.0,66.7,61.97
56.0,1,1.88,15.06,53.05,7.2,6.7,3.5,5.3,7.1,5752.0,2.6,43.0,8.1,0.5,73.9,17.4,4.5,2.2,1.9,1.3,56.0,82.42,68.94
22.0,0,1.67,26.53,74.1,6.5,6.3,5.4,4.8,8.4,6245.0,2.9,40.0,3.6,4.3,102.5,22.9,5.4,0.0,1.9,0.5,11.0,70.96,54.97
60.0,1,1.64,14.42,38.88,5.5,4.3,6.0,3.7,5.5,6007.0,1.9,25.0,9.3,0.0,94.3,21.1,3.4,0.2,2.7,2.8,35.0,72.73,55.11
44.0,1,1.73,22.93,68.62,7.2,7.1,4.5,6.1,7.4,7292.0,1.3,56.0,7.8,0.7,100.4,18.6,6.4,1.2,1.9,0.3,1.0,88.34,63.52
56.0,0,1.72,23.61,70.24,6.1,5.8,5.8,3.7,5.0,4918.0,3.0,13.0,5.9,4.5,76.3,39.6,4.8,2.1,2.9,1.4,3.0,70.41,43.27
39.0,1,1.8,25.41,81.92,6.7,5.9,7.5,4.0,5.5,8741.0,2.0,70.0,5.7,3.9,92.6,42.4,4.4,2.0,2.3,1.1,9.0,78.33,47.14
48.0,1,1.6,33.07,84.6,7.6,6.2,4.1,4.0,5.4,6887.0,3.9,41.0,7.0,2.8,73.7,22.2,4.3,2.0,0.6,2.1,13.0,66.2,68.49
43.0,0,1.76,20.19,62.45,6.4,5.1,3.3,2.6,3.3,4397.0,2.7,10.0,9.0,2.1,47.1,25.7,4.9,1.1,2.7,5.0,25.0,67.35,73.9
52.0,0,1.75,22.19,67.74,5.7,3.9,6.2,4.1,5.0,8948.0,3.3,84.0,6.2,3.1,110.0,23.5,4.1,1.2,2.5,5.9,60.0,65.54,51.34
22.0,0,1.69,20.52,58.51,6.7,6.8,6.3,6.1,7.3,6704.0,4.4,38.0,6.3,4.5,60.0,33.9,6.3,0.8,2.6,0.4,7.0,81.51,55.02
21.0,0,1.73,17.79,53.08,6.7,5.0,5.5,4.7,7.3,5204.0,1.5,12.0,6.0,5.5,92.1,35.4,4.2,2.3,0.9,0.6,1.0,57.86,52.05
30.0,1,1.78,23.5,74.65,6.0,4.8,5.1,4.0,5.7,8038.0,2.3,68.0,9.6,0.0,96.7,10.8,8.2,0.6,1.6,3.3,24.0,81.9,60.52
25.0,0,1.77,16.25,50.9,6.8,5.2,3.5,3.8,5.6,7140.0,3.2,53.0,5.3,5.5,96.5,28.8,7.9,2.4,1.6,1.5,14.0,68.26,62.93
59.0,1,1.61,24.65,63.78,6.4,5.7,4.2,4.5,7.8,4134.0,1.0,0.0,5.9,3.8,84.3,14.5,3.2,1.7,1.5,1.2,3.0,66.96,53.81
28.0,0,1.77,17.67,55.07,4.8,4.4,8.0,5.1,8.4,5472.0,4.1,13.0,8.9,2.0,95.4,39.1,5.1,1.5,3.0,2.5,10.0,55.38,17.22
64.0,0,1.69,27.24,78.25,6.2,6.3,3.6,4.9,6.6,7307.0,3.9,46.0,6.3,2.1,99.4,28.5,3.7,0.8,2.0,1.8,20.0,75.05,60.63
34.0,1,1.71,33.34,97.02,4.6,2.1,8.2,3.5,4.9,4347.0,1.0,0.0,8.3,0.1,104.7,18.4,4.3,0.1,2.0,7.1,22.0,27.99,4.07
27.0,1,1.71,17.35,50.48,7.1,5.9,3.6,4.5,5.6,5878.0,3.3,40.0,4.2,5.4,124.7,23.1,9.0,0.9,2.3,1.8,10.0,66.54,72.7
55.0,0,1.69,14.81,42.2,5.0,4.5,9.3,4.7,7.4,5734.0,3.3,31.0,5.6,3.5,94.7,22.7,4.4,1.2,2.3,1.3,5.0,51.55,2.74
49.0,0,1.8,21.14,68.13,7.4,6.0,1.0,2.5,4.3,4339.0,1.5,7.0,9.0,0.5,91.3,29.2,5.7,0.0,0.5,1.6,55.0,75.07,89.35
41.0,0,1.69,24.5,70.24,5.5,4.9,6.3,4.3,5.9,7145.0,2.8,41.0,4.6,5.1,71.9,33.3,6.1,1.3,1.6,3.3,16.0,57.43,56.08
44.0,0,1.61,28.26,73.28,6.3,5.4,5.3,0.8,1.9,5953.0,3.2,35.0,5.7,5.0,98.7,15.8,3.0,2.4,1.2,1.9,8.0,60.4,48.63
52.0,1,1.67,22.74,63.31,5.2,4.6,7.1,4.7,6.0,4627.0,1.0,0.0,6.5,3.1,103.3,39.7,3.3,2.1,2.2,2.1,5.0,53.82,40.74
29.0,0,1.71,22.8,66.99,4.8,3.0,7.1,5.0,7.3,7213.0,2.1,58.0,4.0,5.2,86.2,37.8,2.6,1.0,1.8,7.1,20.0,35.8,29.76
65.0,0,1.8,23.35,75.51,5.8,5.0,5.1,5.1,5.8,7346.0,1.7,60.0,5.2,4.5,100.9,18.0,3.2,1.5,2.0,1.9,4.0,71.41,45.88
64.0,0,1.75,28.01,85.61,6.2,5.3,4.8,3.4,6.4,5841.0,2.8,27.0,6.2,3.0,84.1,25.6,0.0,0.9,0.8,1.0,3.0,66.31,41.94
49.0,1,1.63,15.27,40.67,6.2,5.3,4.9,4.5,5.9,6536.0,5.0,29.0,6.1,3.0,103.4,38.7,6.1,1.6,1.8,2.4,11.0,70.97,53.17
27.0,1,1.9,17.88,64.47,6.6,5.2,5.7,6.1,8.0,7223.0,2.2,55.0,8.6,0.0,108.3,34.9,9.1,3.0,2.7,2.2,5.0,83.29,51.97
50.0,0,1.72,24.71,73.21,6.5,6.2,4.5,6.1,6.8,4514.0,4.2,30.0,9.1,1.0,108.0,22.3,5.3,2.5,2.8,0.0,15.0,78.66,54.14
21.0,1,1.8,17.32,56.23,5.1,5.2,6.7,4.0,5.9,3218.0,1.0,0.0,4.3,5.1,92.4,31.5,2.2,2.0,2.4,1.3,2.0,42.02,43.03
19.0,0,1.69,33.69,95.97,5.9,4.3,5.7,4.2,5.9,6139.0,3.0,33.0,6.2,4.7,69.2,49.0,3.7,1.0,1.2,2.7,16.0,50.97,43.23
30.0,0,1.74,19.91,60.47,5.7,4.4,4.9,5.7,7.6,3916.0,2.3,11.0,7.3,1.2,77.8,25.8,4.1,2.2,2.8,1.4,5.0,70.43,48.49
40.0,1,1.77,22.22,69.38,5.9,4.9,6.6,1.7,5.2,4778.0,3.5,20.0,9.0,0.4,101.9,19.9,3.0,0.0,2.4,3.0,0.0,74.31,33.68
59.0,1,1.8,24.25,78.34,6.8,5.7,4.9,3.5,5.7,8747.0,3.2,79.0,7.4,4.4,139.0,26.4,6.7,1.2,1.9,1.2,2.0,80.76,51.46
52.0,1,1.78,19.19,61.13,4.1,1.8,2.8,6.0,7.2,4904.0,2.1,35.0,6.6,2.5,83.2,27.0,6.6,2.1,0.8,8.2,41.0,30.01,65.43
53.0,1,1.77,13.51,42.3,8.0,7.3,6.2,5.5,6.8,5775.0,2.3,33.0,7.3,2.4,99.1,20.8,2.7,2.2,2.6,0.7,30.0,82.45,58.13
38.0,0,1.67,22.66,63.57,6.9,5.4,4.5,4.6,7.1,6496.0,3.5,51.0,7.3,1.4,78.9,28.5,6.5,2.2,1.6,0.2,4.0,76.82,55.29
34.0,1,1.65,31.22,85.44,7.2,6.8,3.1,1.7,5.0,5590.0,3.9,39.0,4.1,4.5,70.5,15.0,8.1,1.8,2.2,1.1,23.0,55.88,79.87
35.0,0,1.73,21.79,64.95,5.4,4.3,4.5,3.9,6.2,4104.0,2.7,8.0,6.4,5.2,76.5,19.7,8.8,1.3,2.0,1.6,14.0,45.87,56.07
64.0,1,1.77,18.2,57.3,6.1,5.6,4.0,3.1,5.8,5576.0,2.9,35.0,8.9,1.3,48.4,31.1,10.7,2.0,2.9,0.9,53.0,84.24,88.55
20.0,0,1.68,29.64,83.89,6.0,5.3,6.4,4.5,7.1,6228.0,3.7,33.0,5.6,4.5,117.1,11.0,3.2,0.5,1.9,0.6,7.0,72.29,43.73
59.0,1,1.79,20.41,65.04,6.6,5.3,4.7,2.8,6.2,7228.0,2.8,44.0,6.3,2.0,45.4,32.2,10.6,0.7,2.0,2.2,17.0,72.89,69.06
45.0,0,1.82,18.9,62.35,7.6,7.7,4.4,2.5,2.5,6510.0,2.7,45.0,5.5,4.8,84.7,8.9,4.3,1.6,2.9,0.9,1.0,76.17,63.79
39.0,0,1.63,27.3,72.24,7.6,6.6,4.8,0.9,3.6,10482.0,2.2,113.0,1.4,9.8,66.4,11.1,3.8,1.7,1.6,2.0,8.0,64.02,59.75
52.0,1,1.63,30.58,81.56,5.0,4.5,4.0,5.8,8.8,3793.0,1.0,0.0,6.0,5.1,72.3,21.0,5.7,0.0,2.5,3.0,50.0,29.31,67.41
41.0,0,1.69,37.07,105.73,5.2,4.4,5.3,3.4,4.1,6373.0,5.0,49.0,6.6,4.1,117.5,27.3,3.8,2.0,1.9,2.9,12.0,44.36,55.59
59.0,1,1.72,27.71,82.41,7.0,6.6,4.7,4.2,5.4,7616.0,2.8,71.0,5.0,3.9,94.0,35.6,5.8,2.3,1.4,0.9,5.0,83.39,69.41
60.0,0,1.66,31.79,87.4,5.4,5.0,8.0,4.0,5.1,4906.0,4.4,29.0,3.7,6.6,70.7,25.5,2.4,1.4,2.0,1.7,2.0,34.13,9.0
38.0,0,1.81,19.09,62.41,6.3,5.8,3.7,2.4,3.7,4418.0,4.7,18.0,4.2,6.4,78.2,23.0,4.5,3.9,2.4,1.2,18.0,58.74,66.93
31.0,0,1.73,18.16,54.61,8.2,6.9,1.2,2.1,3.6,10364.0,2.8,92.0,7.5,0.7,74.7,29.6,7.6,0.8,2.8,4.1,16.0,87.91,84.97
46.0,0,1.7,24.45,70.93,3.9,2.9,9.2,2.5,4.7,3655.0,1.0,0.0,9.9,0.0,89.1,18.0,4.9,1.1,2.9,4.2,7.0,48.37,7.4
61.0,1,1.59,28.5,71.61,7.2,7.7,2.9,2.9,5.8,3648.0,3.1,19.0,8.8,2.1,93.5,26.1,5.3,1.1,1.8,0.8,45.0,81.84,80.79
28.0,0,1.59,21.16,53.82,5.2,5.6,8.1,4.5,7.6,7549.0,1.4,64.0,3.3,7.6,127.9,15.4,6.0,1.4,1.4,0.2,0.0,55.72,15.26
47.0,1,1.72,22.71,67.37,6.5,5.5,6.6,2.8,4.0,4452.0,1.4,21.0,7.7,0.7,51.7,25.7,7.3,1.2,1.8,0.4,5.0,81.42,57.49
48.0,1,1.53,32.49,75.99,6.6,5.9,6.5,6.6,7.8,7922.0,3.0,65.0,4.7,6.1,89.3,24.0,1.7,0.1,1.3,0.9,38.0,61.22,44.5
52.0,0,1.78,23.77,75.41,5.2,4.9,5.8,5.5,8.9,3976.0,1.0,0.0,4.8,5.3,83.7,18.6,6.2,1.0,1.9,1.7,6.0,42.35,38.62
24.0,1,1.69,27.24,77.56,6.1,5.2,6.7,5.2,7.9,4028.0,1.0,0.0,5.1,5.7,108.9,26.3,4.5,1.4,1.8,2.1,4.0,54.22,35.13
52.0,1,1.96,19.37,74.36,7.8,7.4,3.2,3.8,5.9,5336.0,2.8,23.0,7.4,2.0,97.1,26.3,5.3,2.7,2.4,0.8,11.0,76.66,73.0
61.0,1,1.88,17.57,62.39,5.3,5.0,7.9,6.3,8.7,6319.0,5.0,42.0,7.9,2.7,101.8,34.4,7.1,3.7,0.7,2.2,26.0,62.38,40.34
26.0,0,1.69,21.93,62.29,5.9,3.4,4.8,3.7,5.6,4995.0,2.5,29.0,5.8,5.0,96.9,12.2,2.6,2.8,1.6,5.6,2.0,44.96,39.17
29.0,0,1.69,18.18,52.02,6.9,6.5,3.8,4.0,6.5,5322.0,4.9,23.0,5.8,3.8,71.4,24.4,3.0,0.7,1.6,2.1,43.0,63.49,65.0
64.0,1,1.78,30.55,96.77,7.1,6.3,5.5,4.3,5.9,8205.0,3.5,62.0,6.9,3.1,114.2,18.9,1.1,0.8,2.7,0.3,24.0,80.54,58.97
27.0,1,1.84,20.82,70.2,6.5,5.4,6.1,5.1,7.3,9598.0,3.6,78.0,7.1,2.2,106.0,32.0,3.9,1.3,1.3,1.7,3.0,82.05,39.91
58.0,1,1.57,27.07,66.63,6.6,5.5,3.2,5.0,5.4,5453.0,2.5,26.0,8.4,3.3,108.3,31.0,7.7,3.3,2.1,1.6,19.0,71.25,76.05
41.0,0,1.56,23.13,56.07,4.4,3.7,7.2,3.3,4.6,3935.0,1.0,0.0,3.4,6.4,115.3,29.1,4.8,1.3,1.9,4.1,7.0,30.89,45.61
30.0,1,1.65,41.87,114.03,5.2,4.8,6.9,3.2,4.5,4250.0,1.0,0.0,6.0,3.0,98.4,19.4,2.3,0.2,2.6,0.9,8.0,42.72,32.26
59.0,0,1.75,17.67,53.9,7.5,6.4,5.5,5.0,6.6,7217.0,2.9,41.0,3.9,5.4,119.6,32.1,4.0,1.0,2.4,1.1,23.0,65.41,53.28
39.0,0,1.74,21.0,63.57,7.1,5.9,3.4,5.1,6.1,7233.0,2.7,58.0,5.9,4.2,97.6,12.8,2.0,2.3,2.1,1.8,49.0,73.72,67.79
42.0,0,1.79,23.91,76.24,5.8,4.3,7.4,3.4,4.9,6271.0,2.8,32.0,5.5,5.2,85.6,11.1,2.7,2.2,1.7,1.5,2.0,65.62,28.85
35.0,1,1.6,30.71,79.0,7.7,6.0,3.4,1.6,2.1,4857.0,4.6,21.0,5.9,2.8,89.9,14.8,5.8,1.3,0.9,2.5,8.0,54.03,75.42
46.0,0,1.51,36.77,84.37,5.1,4.5,8.2,3.7,6.2,4165.0,1.0,0.0,4.4,7.4,89.5,24.7,2.7,2.2,2.1,0.1,10.0,30.97,9.59
26.0,0,1.77,31.05,97.11,6.5,5.5,5.4,4.9,6.9,6813.0,4.4,39.0,3.0,7.3,79.6,30.4,7.2,0.0,2.3,1.7,7.0,55.1,47.77
36.0,1,1.63,29.07,77.59,6.3,6.3,7.6,6.7,7.0,8159.0,3.3,80.0,1.8,8.7,122.6,5.0,4.9,1.6,1.1,0.3,7.0,60.02,40.42
64.0,0,1.54,22.88,54.16,6.9,6.6,4.8,2.2,3.4,3737.0,1.0,0.0,5.7,4.2,95.9,35.6,5.2,2.4,1.3,0.8,1.0,64.87,65.47
30.0,0,1.71,22.58,66.15,6.1,5.9,5.1,3.4,5.7,6431.0,3.4,33.0,5.1,4.9,91.9,26.0,4.4,0.7,2.2,2.2,17.0,67.8,55.08
49.0,0,1.76,23.99,74.62,5.6,5.9,6.6,3.4,4.9,4474.0,4.1,3.0,4.6,5.2,97.8,12.5,6.5,0.7,2.2,0.3,9.0,58.09,47.64
33.0,1,1.69,35.36,101.02,4.6,4.2,9.0,6.0,7.3,4518.0,1.0,0.0,8.6,2.4,149.6,25.8,6.6,0.0,1.4,0.7,3.0,41.03,8.81
54.0,1,1.66,17.72,49.03,5.1,4.3,6.7,3.9,5.9,4424.0,1.0,0.0,4.3,5.7,67.4,33.7,5.7,3.1,1.7,2.4,25.0,39.59,54.61
24.0,0,1.69,30.93,88.04,6.3,5.4,5.4,2.6,5.0,5669.0,3.4,31.0,8.8,1.9,73.1,29.8,6.1,0.8,0.9,2.1,24.0,62.54,58.25
64.0,1,1.67,26.06,72.7,5.8,4.5,6.1,4.8,5.4,7798.0,1.0,45.0,9.2,0.3,62.4,33.8,4.6,1.7,2.8,0.2,10.0,81.35,44.96
39.0,1,1.59,32.57,82.57,6.2,4.8,4.5,3.4,5.9,7952.0,3.9,65.0,2.1,8.1,85.3,14.1,6.1,2.1,1.2,1.7,5.0,51.78,59.48
29.0,0,1.64,25.37,68.47,7.1,6.5,4.8,2.2,3.4,4609.0,1.7,36.0,6.2,3.0,94.9,21.7,4.3,3.0,2.3,0.3,15.0,79.94,64.67
21.0,1,1.74,18.91,57.36,6.7,6.1,3.8,2.7,4.6,3859.0,1.0,0.0,5.2,6.0,80.7,17.6,5.0,1.3,2.0,0.6,5.0,62.22,68.04
26.0,1,1.73,27.29,81.26,5.5,5.3,7.0,6.6,8.6,5192.0,3.9,24.0,1.0,8.2,79.2,38.7,4.5,1.0,2.8,1.2,4.0,53.26,33.09
42.0,1,1.71,27.19,79.82,6.1,6.0,5.7,4.6,6.0,4398.0,1.0,0.0,3.1,6.6,92.8,30.1,4.1,1.7,1.5,0.2,20.0,60.19,50.85
34.0,0,1.62,32.21,84.58,6.3,2.1,2.8,4.2,5.1,3774.0,1.0,0.0,7.5,2.1,80.0,47.8,3.6,2.8,2.0,10.0,1.0,33.26,46.35
57.0,1,1.69,24.57,69.8,6.9,6.6,5.4,3.6,5.3,7647.0,4.1,52.0,10.0,0.0,96.2,21.3,5.9,1.3,1.0,0.4,1.0,93.41,54.95
38.0,1,1.53,26.2,61.0,5.2,4.4,6.5,4.4,8.1,6547.0,2.5,38.0,7.8,2.9,112.3,19.2,7.6,0.5,0.8,3.0,0.0,50.43,40.27
30.0,0,1.71,15.86,46.62,6.4,5.4,4.8,4.4,5.1,6682.0,3.8,53.0,6.6,3.0,103.5,23.9,7.3,0.0,2.4,3.5,2.0,67.37,49.78
47.0,0,1.81,25.0,82.29,4.1,1.8,7.4,4.4,8.1,5095.0,4.2,19.0,6.0,5.4,107.6,36.0,2.5,0.3,0.9,10.0,1.0,21.88,17.06
51.0,0,1.58,30.51,76.36,7.6,6.7,1.0,4.2,5.9,6715.0,4.8,52.0,9.4,0.0,111.7,22.1,7.6,2.4,1.9,1.1,60.0,83.96,100.0
26.0,0,1.65,20.31,55.51,5.9,5.1,4.9,5.3,7.3,5459.0,1.9,23.0,10.0,0.2,95.7,26.0,4.4,1.2,2.6,4.1,5.0,75.88,41.54
26.0,1,1.73,20.78,61.92,5.7,3.2,6.7,4.0,4.9,7518.0,3.4,65.0,4.8,4.4,86.8,25.8,6.2,0.9,2.4,6.3,2.0,60.61,36.57
20.0,0,1.8,19.44,63.0,6.8,5.9,5.3,2.5,3.8,6723.0,2.0,45.0,2.0,8.4,74.6,25.3,3.2,0.8,1.6,0.4,4.0,59.42,52.63
53.0,0,1.66,17.24,47.76,7.0,6.4,3.8,3.1,4.6,5740.0,2.0,31.0,1.8,8.2,82.2,19.8,5.3,1.6,1.0,1.3,41.0,56.02,70.38
49.0,1,1.64,21.35,57.73,8.7,7.7,3.1,1.0,2.0,6634.0,3.4,45.0,8.6,1.2,79.5,23.9,5.6,1.3,2.3,0.1,11.0,97.24,75.84
40.0,0,1.54,22.27,52.99,5.5,4.9,6.9,7.0,8.8,6861.0,3.1,31.0,5.9,5.3,104.6,23.6,2.0,1.2,2.8,1.9,7.0,50.67,35.74
58.0,1,1.71,21.87,63.81,7.3,7.3,1.0,5.3,6.9,9273.0,4.1,91.0,6.4,3.0,96.9,24.9,6.2,2.8,1.6,1.7,31.0,87.02,95.34
56.0,0,1.86,16.97,58.92,6.1,5.9,6.3,2.8,6.6,5414.0,2.7,40.0,2.4,8.2,103.9,32.5,7.7,3.0,1.5,0.5,8.0,54.79,57.77
46.0,0,1.72,15.37,45.59,4.5,3.7,7.8,3.6,4.4,6269.0,2.9,29.0,4.5,4.7,66.8,39.1,4.7,0.0,1.7,3.2,6.0,43.0,11.82
59.0,0,1.7,34.79,100.34,7.1,6.3,3.2,3.0,5.1,5487.0,3.2,16.0,5.4,4.7,118.6,18.3,7.7,1.8,2.3,0.1,3.0,58.2,67.77
28.0,0,1.73,29.81,88.79,6.6,4.4,4.9,6.3,8.6,6643.0,2.1,61.0,6.4,2.4,81.5,21.9,4.6,0.7,2.7,3.3,7.0,74.05,47.23
23.0,0,1.7,20.2,58.31,6.7,6.3,4.9,1.9,2.8,7039.0,2.3,56.0,5.2,4.1,68.0,18.4,6.7,1.3,1.3,0.1,6.0,75.99,68.21
31.0,1,1.63,27.72,74.09,5.2,5.1,8.3,4.2,6.9,5428.0,4.1,20.0,3.9,6.0,81.2,26.5,0.6,1.8,1.1,2.1,17.0,39.74,5.34
21.0,1,1.77,24.46,76.26,7.1,6.4,4.4,3.8,5.4,4353.0,2.5,2.0,4.4,7.4,139.7,20.7,9.8,1.3,3.4,0.2,5.0,63.52,71.98
43.0,0,1.72,29.77,87.87,7.8,7.2,2.3,5.2,4.7,4794.0,4.2,13.0,8.4,1.7,82.2,26.9,8.0,1.7,1.9,0.6,13.0,81.19,78.59
62.0,1,1.7,19.94,57.72,6.5,6.2,5.7,3.8,6.5,5693.0,3.6,28.0,6.5,5.2,83.5,33.8,4.4,2.2,2.2,2.6,1.0,72.01,46.2
20.0,1,1.62,32.83,86.38,6.8,6.9,3.8,1.4,2.2,7308.0,1.5,63.0,7.2,3.0,86.2,5.0,1.1,1.8,1.6,0.7,3.0,79.76,60.03
24.0,1,1.8,18.98,61.78,7.1,6.5,3.9,3.6,4.6,4586.0,3.5,30.0,4.2,5.4,87.0,28.9,5.6,0.9,2.3,1.4,8.0,69.34,67.6
39.0,0,1.75,16.26,49.96,5.3,3.8,3.6,2.5,5.2,6221.0,3.5,20.0,1.0,10.0,74.4,21.3,2.1,0.9,2.6,4.9,41.0,26.54,58.89
62.0,0,1.66,29.49,80.86,6.2,5.1,3.8,4.1,5.8,3516.0,1.0,0.0,5.0,5.5,92.9,28.7,5.9,0.1,2.2,0.1,7.0,63.82,57.38
33.0,0,1.78,28.2,89.36,6.6,4.9,4.6,6.2,9.1,8964.0,2.9,81.0,4.3,5.1,111.5,17.8,5.8,0.6,3.0,3.3,16.0,72.84,52.33
42.0,1,1.66,39.48,108.82,6.8,6.3,5.6,1.4,4.6,6067.0,2.1,36.0,6.7,3.8,96.3,34.6,3.1,3.5,1.8,0.1,4.0,71.39,55.97
20.0,1,1.64,19.4,52.0,7.5,6.5,5.0,2.8,4.2,7979.0,4.3,59.0,10.0,0.0,67.8,32.3,7.2,0.7,1.8,0.3,2.0,90.51,60.02
25.0,0,1.64,29.95,80.48,6.9,6.6,3.3,3.2,6.0,8094.0,2.9,67.0,7.4,0.6,83.1,29.5,6.6,0.3,2.1,0.3,1.0,88.82,66.01
64.0,0,1.56,26.29,63.85,5.5,3.4,5.3,3.4,4.7,5840.0,2.1,29.0,10.0,0.9,79.0,31.3,7.0,1.8,2.3,10.0,5.0,41.63,47.28
63.0,1,1.74,27.07,81.75,6.2,6.6,6.1,5.1,9.3,4803.0,3.5,35.0,7.1,4.0,91.1,19.0,5.0,1.4,2.1,0.4,3.0,77.76,47.81
18.0,1,1.55,19.87,47.94,6.3,4.8,7.0,3.7,5.0,8121.0,2.3,76.0,4.7,7.1,116.6,20.0,2.2,1.3,1.2,4.5,3.0,63.75,38.83
63.0,1,1.6,19.9,51.06,3.8,1.6,6.0,4.6,7.6,6675.0,2.1,38.0,6.7,3.7,87.0,31.0,7.0,2.9,2.2,9.4,21.0,27.56,46.15
48.0,1,1.53,24.8,58.36,7.3,6.2,5.1,3.1,5.9,7479.0,2.6,53.0,9.6,0.2,88.2,18.9,4.5,2.0,1.8,1.0,0.0,90.95,56.07
59.0,0,1.69,24.83,71.18,5.8,5.8,6.9,4.3,6.7,6968.0,2.3,57.0,9.7,1.2,125.6,36.6,2.2,1.0,1.7,2.0,12.0,83.91,41.25
39.0,1,1.69,21.19,60.38,6.2,4.3,3.8,5.2,6.5,6613.0,2.1,57.0,4.8,6.0,107.5,22.4,7.7,1.1,2.0,3.0,7.0,61.9,62.63
42.0,1,1.67,28.51,79.89,6.7,6.5,6.0,2.9,4.8,5808.0,3.8,29.0,6.5,5.1,101.5,29.0,9.2,1.0,1.4,1.0,11.0,72.09,52.93
41.0,0,1.62,32.68,85.4,7.3,6.9,3.7,5.2,5.0,3841.0,2.9,22.0,3.1,6.8,129.2,41.8,4.9,2.4,1.3,0.4,12.0,58.2,71.85
49.0,1,1.61,30.62,78.99,6.0,5.1,5.3,4.1,6.3,5992.0,4.3,43.0,7.6,2.2,99.8,19.4,9.3,1.2,0.5,1.1,6.0,62.44,65.24
25.0,1,1.74,31.24,94.28,6.7,5.4,5.8,5.6,7.9,7381.0,2.1,42.0,9.1,0.2,50.3,25.6,5.2,0.0,3.0,3.0,5.0,72.38,40.34
19.0,0,1.66,27.8,76.24,7.8,5.8,3.4,3.7,5.8,9119.0,1.3,73.0,6.1,4.5,106.7,33.4,4.2,1.5,2.3,3.0,20.0,72.81,60.62
32.0,1,1.73,17.38,51.75,7.4,6.2,5.1,4.6,3.6,7318.0,3.1,51.0,4.7,3.8,58.2,32.6,3.7,0.0,1.9,0.5,31.0,73.16,65.01
51.0,1,1.63,34.08,90.45,7.4,6.0,3.7,3.9,4.7,6588.0,4.9,41.0,6.7,4.1,99.0,22.4,8.3,3.7,1.6,0.4,3.0,62.73,68.77
27.0,1,1.71,20.73,60.92,6.3,4.9,3.2,3.9,5.1,4536.0,3.5,25.0,6.8,3.8,55.7,20.9,3.4,0.5,0.5,5.1,2.0,59.47,50.86
50.0,0,1.8,25.7,83.66,6.7,6.9,1.0,4.4,6.7,5164.0,5.0,26.0,6.2,4.4,80.7,23.1,6.5,1.3,1.6,0.1,34.0,75.86,86.35
64.0,0,1.75,30.67,93.61,6.2,4.1,4.7,4.8,7.1,6492.0,3.3,44.0,6.4,3.8,82.7,36.6,3.9,1.8,2.4,2.7,6.0,59.75,42.51
22.0,1,1.67,27.65,76.85,6.4,7.0,6.8,2.1,4.0,4487.0,3.2,14.0,5.7,5.9,74.6,22.8,4.1,1.2,2.6,0.1,12.0,68.95,55.46
50.0,0,1.72,16.06,47.56,4.5,3.5,7.8,6.2,8.8,5554.0,1.0,29.0,8.0,2.9,83.0,25.6,7.1,1.2,2.4,3.6,7.0,51.98,9.5
39.0,1,1.68,19.9,56.23,7.0,5.3,3.6,1.2,2.2,9396.0,3.4,79.0,7.5,1.9,110.7,21.6,4.2,1.9,2.1,4.7,2.0,78.87,63.3
59.0,1,1.7,31.06,89.84,5.8,4.7,4.6,3.0,5.6,7173.0,3.2,57.0,4.0,5.4,75.7,30.6,4.2,3.0,2.8,0.7,13.0,59.42,56.76
26.0,0,1.67,24.08,67.46,6.4,6.7,4.2,3.9,6.3,6570.0,2.6,46.0,4.0,5.1,100.9,26.2,7.3,2.3,1.8,0.2,11.0,69.11,74.23
51.0,1,1.69,25.02,71.19,7.1,6.4,3.3,4.6,7.0,6142.0,2.9,30.0,5.5,5.1,70.7,17.0,8.2,3.0,2.7,1.3,3.0,71.66,75.15
57.0,1,1.72,27.61,81.38,7.2,7.2,4.3,6.4,8.2,5249.0,2.9,33.0,7.5,1.5,86.2,17.2,6.3,0.5,1.8,0.7,9.0,83.32,57.38
62.0,0,1.62,30.63,80.44,6.0,6.1,6.1,1.2,5.0,6216.0,2.8,44.0,6.3,4.8,96.5,9.0,3.7,1.8,1.5,1.1,24.0,63.5,49.59
50.0,1,1.62,28.31,74.18,6.1,5.9,6.0,3.2,5.7,5544.0,5.0,32.0,4.7,6.6,70.1,18.3,4.0,1.7,1.4,2.2,13.0,63.21,53.64
41.0,1,1.59,26.49,66.87,7.7,6.7,4.9,0.8,1.8,5140.0,2.6,19.0,6.5,2.6,63.8,31.4,5.2,1.9,1.4,0.5,2.0,76.69,60.56
47.0,1,1.57,26.43,65.31,7.1,6.3,3.2,4.0,6.3,8336.0,3.2,75.0,5.3,4.5,99.8,35.6,5.6,2.9,2.4,0.9,12.0,77.61,67.63
59.0,1,1.6,32.26,82.87,5.9,4.5,5.8,4.4,7.2,5276.0,2.6,24.0,7.8,2.3,112.5,30.5,3.0,1.3,1.6,3.1,18.0,56.88,38.93
45.0,0,1.71,26.69,78.3,6.8,6.3,1.4,6.4,7.8,5159.0,3.8,25.0,6.7,4.2,88.4,29.4,6.4,1.1,1.4,2.1,24.0,70.95,78.74
19.0,1,1.63,24.94,66.14,6.6,6.2,6.7,4.2,7.3,6227.0,3.2,46.0,5.4,6.2,80.9,24.0,5.2,2.0,2.4,0.8,15.0,71.78,47.23
62.0,1,1.74,28.45,86.23,5.0,4.9,7.3,5.6,7.9,7873.0,2.7,59.0,6.5,1.9,93.1,31.2,1.6,0.0,2.2,2.2,2.0,64.57,25.87
50.0,1,1.7,23.47,68.06,6.1,5.6,2.8,4.9,4.5,4383.0,1.1,9.0,8.6,1.1,91.1,27.3,3.1,1.3,2.6,2.9,19.0,73.81,64.41
50.0,1,1.54,24.05,57.23,5.8,4.2,7.5,3.3,5.6,5752.0,3.2,24.0,4.9,4.9,94.9,39.4,4.0,1.4,2.3,1.8,17.0,55.11,39.29
28.0,0,1.75,19.09,58.62,7.7,7.6,2.4,1.9,3.5,5417.0,2.7,33.0,6.8,1.8,40.0,24.2,4.9,0.6,1.5,0.5,0.0,84.92,74.51
49.0,1,1.76,17.76,55.32,6.5,6.7,5.7,4.4,6.9,6494.0,2.9,47.0,5.9,3.7,68.6,35.7,8.8,2.6,2.0,0.0,8.0,79.35,61.17
37.0,0,1.62,25.1,65.91,6.5,5.0,5.8,1.8,4.7,7026.0,1.8,52.0,6.9,3.6,73.1,32.0,5.5,0.4,2.1,3.2,6.0,66.26,44.95
49.0,0,1.73,29.45,88.51,5.3,4.4,4.1,5.9,8.1,5153.0,4.4,20.0,4.7,5.0,93.0,30.9,3.3,1.4,1.4,3.5,17.0,39.25,41.63
23.0,0,1.63,21.76,57.92,4.7,4.0,5.9,3.8,7.4,4377.0,1.0,0.0,6.2,2.2,93.7,8.9,5.4,1.8,1.3,2.4,4.0,40.23,42.37
49.0,1,1.71,24.97,72.83,6.9,6.8,3.3,5.8,7.6,7946.0,4.4,69.0,8.2,4.7,102.7,32.4,4.3,2.9,1.6,0.2,13.0,88.89,65.28
65.0,1,1.6,23.53,60.15,6.9,5.8,1.0,3.3,5.9,4937.0,4.1,9.0,4.1,6.1,95.2,24.0,5.6,1.5,3.2,1.8,37.0,61.19,79.43
20.0,1,1.56,27.28,66.1,6.3,5.2,3.1,4.4,7.2,7000.0,3.6,47.0,3.3,6.8,64.0,21.4,6.2,2.4,1.8,3.4,24.0,55.44,68.04
64.0,1,1.67,16.99,47.35,7.7,6.9,2.5,4.3,6.2,6103.0,1.9,36.0,3.4,5.5,118.9,13.1,7.4,2.2,2.7,1.0,38.0,72.49,87.53
37.0,1,1.69,23.35,66.69,7.2,6.4,4.1,3.9,6.7,6024.0,4.8,42.0,3.7,6.6,115.4,25.0,5.0,1.6,1.7,0.4,58.0,68.86,78.7
59.0,1,1.67,24.11,67.09,7.3,6.4,4.9,3.4,4.8,9467.0,2.1,85.0,7.2,2.6,64.8,25.3,8.3,0.4,2.5,1.8,0.0,87.48,54.76
55.0,0,1.61,30.31,78.1,6.9,6.8,4.9,4.6,6.2,10218.0,2.7,111.0,3.2,4.9,96.7,14.6,6.8,0.1,2.5,3.5,15.0,66.02,59.24
45.0,0,1.67,26.36,73.35,6.9,6.2,3.4,2.6,3.3,3989.0,1.0,0.0,5.4,3.5,78.1,13.2,3.6,1.6,2.6,0.1,8.0,66.45,68.19
53.0,0,1.72,17.55,52.02,7.2,6.1,2.2,2.2,4.4,8183.0,3.8,70.0,7.2,3.6,92.8,28.9,9.4,1.0,2.2,1.8,29.0,79.7,90.87
59.0,1,1.7,29.98,86.26,5.4,4.4,4.7,5.9,8.2,5750.0,3.6,31.0,6.8,5.1,111.1,32.0,5.7,2.4,2.8,2.1,4.0,54.03,45.95
37.0,1,1.71,24.88,73.15,6.8,5.6,2.0,5.1,8.3,8151.0,2.6,72.0,5.2,5.1,132.6,26.5,3.3,2.2,2.2,1.8,59.0,69.69,82.61
33.0,0,1.65,26.92,72.98,6.7,6.2,3.8,4.1,6.9,7556.0,2.4,66.0,6.4,4.7,105.0,34.2,8.3,1.3,3.0,2.1,14.0,79.12,62.26
49.0,0,1.79,21.71,69.86,5.9,5.5,4.6,6.5,8.2,7882.0,5.0,78.0,6.2,3.6,95.9,24.3,9.2,0.3,1.0,2.0,24.0,76.45,67.11
56.0,1,1.61,24.13,62.23,7.2,6.7,4.4,3.6,4.4,7385.0,3.0,45.0,5.6,4.4,83.2,24.6,4.9,2.0,2.2,0.3,1.0,80.51,60.06
54.0,0,1.74,24.23,73.27,5.6,5.8,6.1,6.0,8.4,4122.0,2.8,6.0,5.6,5.5,93.6,17.7,4.0,0.5,2.2,0.5,3.0,65.51,46.42
55.0,1,1.79,23.95,77.13,5.8,5.5,6.3,4.3,7.4,7555.0,2.3,60.0,10.0,1.7,117.2,12.5,4.7,0.7,1.4,1.9,21.0,86.68,45.34
38.0,1,1.74,14.49,43.8,7.6,7.0,4.5,2.5,5.2,6304.0,3.2,40.0,7.6,3.7,89.1,39.8,6.4,0.5,2.3,0.0,0.0,81.53,58.97
56.0,0,1.68,21.84,61.92,4.9,3.6,3.2,6.8,9.9,6446.0,3.2,32.0,10.0,0.0,72.3,34.1,7.6,1.4,1.1,2.0,25.0,56.49,58.34
24.0,0,1.66,24.08,66.18,5.3,5.0,6.8,5.5,7.3,5995.0,3.0,17.0,5.0,4.9,57.6,13.9,6.1,2.7,1.6,2.2,0.0,43.79,37.44
44.0,1,1.78,23.23,73.84,5.8,5.5,5.2,3.8,5.4,7972.0,3.4,65.0,5.8,4.4,100.3,26.2,5.2,1.5,0.8,0.5,16.0,77.41,49.29
18.0,1,1.59,34.94,87.9,6.6,5.8,5.5,5.1,6.4,7952.0,4.8,67.0,3.3,6.4,94.9,24.2,8.0,1.1,2.9,1.8,7.0,62.3,58.22
33.0,1,1.62,22.2,58.42,6.3,5.3,6.0,3.4,5.3,3438.0,1.0,0.0,4.4,6.0,77.1,22.8,4.4,0.0,1.9,1.5,14.0,55.14,50.83
35.0,1,1.67,22.47,62.53,5.8,5.8,5.5,5.2,7.2,6434.0,3.0,53.0,9.8,1.0,110.5,21.7,7.1,2.1,3.3,0.6,18.0,88.84,60.72
37.0,0,1.8,19.25,62.31,6.3,5.9,4.7,0.5,2.7,4584.0,2.4,25.0,5.0,6.0,81.6,28.1,4.4,0.7,2.5,1.2,6.0,62.61,52.63
51.0,1,1.73,19.36,57.98,3.9,2.5,8.6,2.5,4.3,3602.0,1.0,0.0,9.8,1.8,87.3,31.5,5.9,1.6,2.3,4.8,2.0,44.05,10.94
36.0,1,1.62,24.61,64.79,6.6,5.3,4.3,5.5,7.3,5409.0,2.4,41.0,3.5,6.2,89.7,28.2,4.8,1.1,1.6,1.1,1.0,63.34,46.54
39.0,1,1.68,29.06,81.56,6.3,6.0,3.9,3.6,4.8,5268.0,2.5,12.0,3.9,4.7,83.0,24.0,4.9,2.3,1.4,2.0,13.0,64.33,66.17
29.0,0,1.65,19.88,54.19,5.5,5.6,7.2,4.3,7.3,4212.0,1.0,0.0,5.3,5.0,94.7,23.7,4.2,1.3,2.3,0.1,11.0,49.85,45.36
36.0,1,1.64,28.3,76.42,6.8,6.6,3.9,2.0,4.1,4702.0,3.1,14.0,5.9,6.0,113.0,32.5,7.7,1.4,2.0,0.2,20.0,70.58,75.24
29.0,1,1.78,14.06,44.47,4.8,3.5,7.5,6.8,8.6,4555.0,1.0,0.0,7.8,1.7,67.2,28.7,3.5,2.0,1.2,0.2,11.0,48.32,35.76
21.0,0,1.59,24.35,61.58,6.0,4.9,6.3,5.8,7.0,4250.0,4.9,13.0,6.9,3.8,99.8,25.6,3.5,3.6,1.1,3.0,8.0,61.6,44.44
46.0,0,1.83,19.45,65.06,6.3,5.6,6.1,3.7,4.4,3590.0,1.0,0.0,5.2,5.5,93.4,24.7,9.2,2.4,1.4,0.9,8.0,60.5,60.23
49.0,1,1.77,30.49,95.12,5.9,5.2,4.1,3.4,6.7,3631.0,2.6,10.0,5.7,4.5,93.1,27.8,7.0,1.4,3.1,0.5,0.0,57.22,57.01
47.0,0,1.79,20.62,65.88,4.2,3.9,9.1,5.5,8.1,4712.0,1.6,5.0,5.4,4.6,107.4,21.3,0.2,1.5,3.3,2.8,6.0,42.58,0.0
40.0,0,1.66,13.37,36.98,6.0,6.0,5.4,7.0,7.3,6324.0,1.8,45.0,4.2,4.9,91.0,31.6,3.9,1.0,2.1,0.4,56.0,72.08,60.73
36.0,0,1.69,14.04,40.02,7.5,7.0,3.8,5.4,8.2,7318.0,1.7,55.0,4.2,3.5,99.6,16.4,1.4,0.6,2.1,0.6,31.0,79.78,56.99
59.0,1,1.59,28.05,70.51,5.4,5.5,8.1,7.3,10.2,6700.0,4.9,37.0,8.1,0.8,104.3,21.7,3.1,0.9,1.8,1.1,6.0,68.66,6.51
